-- --------------------------------------------------------
-- Host:                         52.53.151.16
-- Versión del servidor:         5.7.15-log - MySQL Community Server (GPL)
-- SO del servidor:              Win64
-- HeidiSQL Versión:             9.3.0.4984
-- --------------------------------------------------------

/*!40101 SET @OLD_CHARACTER_SET_CLIENT=@@CHARACTER_SET_CLIENT */;
/*!40101 SET NAMES utf8mb4 */;
/*!40014 SET @OLD_FOREIGN_KEY_CHECKS=@@FOREIGN_KEY_CHECKS, FOREIGN_KEY_CHECKS=0 */;
/*!40101 SET @OLD_SQL_MODE=@@SQL_MODE, SQL_MODE='NO_AUTO_VALUE_ON_ZERO' */;

-- Volcando estructura de base de datos para udlamsg
CREATE DATABASE IF NOT EXISTS `udlamsg` /*!40100 DEFAULT CHARACTER SET utf8 */;
USE `udlamsg`;


-- Volcando estructura para tabla udlamsg.chat
CREATE TABLE IF NOT EXISTS `chat` (
  `code_chat` int(11) NOT NULL,
  `state_chat` tinyint(4) NOT NULL,
  `name_chat` varchar(50) DEFAULT NULL,
  PRIMARY KEY (`code_chat`)
) ENGINE=InnoDB DEFAULT CHARSET=utf8;

-- Volcando datos para la tabla udlamsg.chat: ~4 rows (aproximadamente)
/*!40000 ALTER TABLE `chat` DISABLE KEYS */;
INSERT INTO `chat` (`code_chat`, `state_chat`, `name_chat`) VALUES
	(1, 1, 'Angelica y jhon'),
	(2, 1, 'Jvc y jhon'),
	(3, 1, 'jvc y angelica'),
	(4, 1, 'Docentes y Estudiantes');
/*!40000 ALTER TABLE `chat` ENABLE KEYS */;


-- Volcando estructura para procedimiento udlamsg.Create_Chat
DELIMITER //
CREATE DEFINER=`root`@`localhost` PROCEDURE `Create_Chat`(IN user1 INT,IN user2 INT)
BEGIN
IF  EXISTS(SELECT uc.code_chat FROM user_chat as uc 
WHERE uc.code_chat IN (SELECT user_chat.code_chat FROM user_chat where user_chat.code_user=user2) and uc.code_user=user1) THEN 
update user_chat set user_chat.state_chat=1 where user_chat.code_user=user1;
ELSE 
insert into chat values(default,1,null);
insert into user_chat values(user1,(select max(chat.code_chat) from chat),1,1);
insert into user_chat values(user2,(select max(chat.code_chat) from chat),1,1);
END IF;
END//
DELIMITER ;


-- Volcando estructura para tabla udlamsg.message
CREATE TABLE IF NOT EXISTS `message` (
  `code_message` int(11) NOT NULL,
  `message` varchar(100) DEFAULT NULL,
  `attached` blob,
  `date_message` timestamp NOT NULL DEFAULT CURRENT_TIMESTAMP ON UPDATE CURRENT_TIMESTAMP,
  `user_sends` int(11) NOT NULL,
  `code_chat` int(11) NOT NULL,
  `state` int(11) DEFAULT NULL,
  PRIMARY KEY (`code_message`),
  KEY `FK_message_user` (`user_sends`),
  KEY `FK_message_chat` (`code_chat`),
  CONSTRAINT `FK_message_chat` FOREIGN KEY (`code_chat`) REFERENCES `chat` (`code_chat`),
  CONSTRAINT `FK_message_user` FOREIGN KEY (`user_sends`) REFERENCES `user` (`code_user`)
) ENGINE=InnoDB DEFAULT CHARSET=utf8;

-- Volcando datos para la tabla udlamsg.message: ~37 rows (aproximadamente)
/*!40000 ALTER TABLE `message` DISABLE KEYS */;
INSERT INTO `message` (`code_message`, `message`, `attached`, `date_message`, `user_sends`, `code_chat`, `state`) VALUES
	(1, 'Hola', NULL, '2016-09-11 17:37:24', 1, 1, NULL),
	(2, 'Como estas?', NULL, '2016-09-24 15:38:13', 1, 1, NULL),
	(3, 'Bien y vos?', NULL, '2016-09-11 17:38:08', 2, 1, NULL),
	(4, 'Ole Jhon', NULL, '2016-09-11 17:54:46', 3, 2, NULL),
	(5, 'Hola Jhon', NULL, '2016-09-11 10:01:09', 5, 4, NULL),
	(6, 'Hola Inge', NULL, '2016-09-12 10:09:33', 1, 4, NULL),
	(7, 'Hola Jhon', NULL, '2016-09-12 11:10:10', 5, 4, NULL),
	(8, 'Hola Jhon2', NULL, '2016-09-24 02:03:15', 5, 4, NULL),
	(9, 'Otro message', NULL, '2016-09-24 10:49:56', 5, 4, NULL),
	(10, 'Ola', NULL, '2016-12-01 16:08:06', 1, 1, 0),
	(13, 'Hola', NULL, '2016-12-01 17:11:07', 1, 1, 0),
	(14, 'Hola', NULL, '2016-12-01 17:11:23', 1, 1, 0),
	(15, 'Hola', NULL, '2016-12-01 17:11:27', 1, 1, 0),
	(16, 'Hola', NULL, '2016-12-01 17:11:30', 1, 1, 0),
	(17, 'Hola', NULL, '2016-12-01 17:11:34', 1, 1, 0),
	(18, 'Hola', NULL, '2016-12-01 17:11:37', 1, 1, 0),
	(19, 'Hola Carolina', NULL, '2016-12-01 17:11:45', 1, 1, 0),
	(20, 'Hola Carolina', NULL, '2016-12-01 17:11:49', 1, 1, 0),
	(21, 'ola duban esto es prueba de chat bd... ', NULL, '2016-12-01 17:11:58', 2, 1, 0),
	(22, 'ola camila prueba bd grabacion...', NULL, '2016-12-01 15:46:37', 1, 1, 0),
	(23, 'ya lo se.. voy a grabar este dialogo.... ', NULL, '2016-12-01 15:47:00', 2, 1, 0),
	(24, 'el estado debe estar en 0 .. ', NULL, '2016-12-01 15:47:16', 1, 1, 0),
	(25, 'eso espero .. o si no te capo... ', NULL, '2016-12-01 15:47:26', 2, 1, 0),
	(26, 'igual este otro mensaje', NULL, '2016-12-01 17:12:02', 2, 1, 0),
	(27, 'este mensaje no se grabooo', NULL, '2016-12-01 15:57:14', 2, 1, 1),
	(28, 'este mensaje grabate ps ', NULL, '2016-12-01 15:58:44', 2, 1, 1),
	(29, 'este mensaje se debe descargar a tu chat apenas te loguue', NULL, '2016-12-01 15:59:40', 2, 1, 1),
	(30, 'sigo haciendo pruebas.. ', NULL, '2016-12-01 16:00:27', 2, 1, 1),
	(31, '', NULL, '2016-12-01 16:00:27', 2, 1, 1),
	(32, 'ola camila esto no se debe grabar', NULL, '2016-12-01 17:38:08', 1, 1, 1),
	(33, 'ola camila', NULL, '2016-12-03 14:12:45', 1, 1, 0),
	(34, 'ola duban.. ', NULL, '2016-12-03 14:13:49', 2, 1, 0),
	(35, 'sdffkjhdkljfkjdsfkkldjfjkldkjfdkjfkjdf', NULL, '2016-12-03 14:13:57', 2, 1, 0),
	(36, 'hola', NULL, '2016-12-03 14:29:32', 1, 1, 0),
	(37, 'pebdjd', NULL, '2016-12-03 14:29:46', 1, 1, 0),
	(38, 'jdjd', NULL, '2016-12-03 14:29:47', 1, 1, 0),
	(39, 'heje', NULL, '2016-12-03 14:29:48', 1, 1, 0);
/*!40000 ALTER TABLE `message` ENABLE KEYS */;


-- Volcando estructura para tabla udlamsg.profile
CREATE TABLE IF NOT EXISTS `profile` (
  `code_user` int(11) NOT NULL,
  `photo_profile` blob,
  `description` varchar(50) NOT NULL,
  PRIMARY KEY (`code_user`),
  CONSTRAINT `FK_profile_user` FOREIGN KEY (`code_user`) REFERENCES `user` (`code_user`)
) ENGINE=InnoDB DEFAULT CHARSET=utf8;

-- Volcando datos para la tabla udlamsg.profile: ~5 rows (aproximadamente)
/*!40000 ALTER TABLE `profile` DISABLE KEYS */;
INSERT INTO `profile` (`code_user`, `photo_profile`, `description`) VALUES
	(1, _binary 0x89504E470D0A1A0A0000000D494844520000005D0000005C08060000000C2DB966000000206348524D00007A25000080830000F9FF000080E8000052080001155800003A970000176FD75A1F90000000097048597300004CE400004CE401A789127100003B9849444154785EDD7D07589567BA2D99DC3977EE99C93D7392991493A8B117407AEF4D3A084867D39B05635744DADEEC0D1B29228220285640B1D27B51636F4934511393D8B09B68628AD175D7B7D1393121894E88E7CCF579D6B3FBE6FFD7F77EEB5DEBFBFFFDAB1696D1FC54889035AA45A5D7A90565B6AA852F69570B4B6B500B9675AA0549EBD422321BD5C2E52D6A928C1D6A118A46B550DE0F57F07DE23959935AA0B45E2D58DAA216AAEC540BCCAE53F3976D570BCB6A530B5334A9856634F03DF57FF04FAD1D15AEEC70E1DF9A4EE410D5440FF1017185F88A78F010E2BE784EBC26DE23DE2B3E233E2BBE6354A8ACE90F84DA23F0B97F406CD723FCF0F91FBEF6E3E77F2B00A8F5FBC22F61E0496F1F4ED20348BA92A43785CA9A7BC315ED5F90A02F89BBC4B7C43DE23E819F81784DBC47BC577C467C567C472FC1EF6C521201C4F01FEECB2362FB23F7E79EFFADF8EF233DBB7358C092DA083FD9E68A88AC9D1F4665D55D97C8767CC9EFBF179DD585D0F416F0FE40E11E21BEFB3AF12151414410C31E11DB1FB93FF7FC6FC5B326FD8F81D2065BFFF426654846FB811859C7953869D33751C9DB11915E8B68451B2419AD0892362242D10A7EE6F7C237C415E200A1246C893FFE783FF9DCBF2EE924F0CF91F2169710694379A0ACFE746856D3ED50E52E84C88F222A731FC2645D90C889AC3DF0CFE840505A3DE233EB11DE7FD50E346E13A7897242F4803F13AAFDFC5725FD4F618A165B49464B7988ACE954A8ACF15E84BC11B1590D8854D462F2E26AF826AE4388742B096F83B7BC13BE8A6E0E443BE2A5DB4848D38F09FA3D2124E81421C8B725FEF42F48FA76CDB0CCC68CD0CCD6A3FEB2E60781B216C46477215ED989C045DB111E9E8C396E8E88769B84B0E0E9889C5B063654842C790721996D084BE77B04E9F266CA413322488CB80D7B28118F3DCE7808DE0F93B73E7C8E9F517DB6EFF9A7C003E22891416812FD72F05BF03B90DEF47284B4912EA1AE3934B3F9CBE08C06F891F0D0DC83948C26C4C7A421CC2D1433EC5C9067A387652E16903B5960AAAB2724D3322159D289804C56BBAC11C1592457D64EF9E946109F93C83B10C5061B4E6203B23A104C9222E40D90289A395344E36D40B8B416519C4DE11CC0808CF61F13FA34108DB79908205E7EB4EF038101233D48D6A516985E373E5C51971F2F6F391BC186182A6B409082D59BB317E1C93590F82720D2CC0C33F4C661A1B90194EE2E5819E88695FE76487734C214675784872D4254DA3648B2772138BB0ED1A98D24BA0981597524B705B1E9AD8848AD65C3ED60B593D4F41D0856347180844490F0B4ED8895D7238283E2A7E8FAA17CFCB3384BE413E3897EF9785A0C0CE9A9F57F91485BEDC3150DF4C3DBEEC72A3A280F8D0815C42FD90B496225C25D27235A672CA6981A629AA51512783BCFC60449AEF6C8F0F3466968308A5C2CB1C878026225D3E129AB4338DD4C0C498FC9D88AB0CC2A563389670507A6D551F39B312DA3937F835294D9C1A6CCD9246F432467438494CE87DE3D9A7D82DB3B10B84F3411F6C45F887E797952FC66D223723A5E0E4FAB8F8E4EAB3D3A3587D35CB613FE29AD8892362082921036AB0C314E1E5860A9854C173364B85821C9DE1273ED2C30C5C20053CCADB0D8C91D2B7C5CB1DEC708C59EBA98EE608350BFB711B0988327DF4B8D6F47A89010923A997AEF972B88AE45641A6781BC87E0630E4230072144B10B81E9ED084EDB8958BE87DB3B90384A4413BF496E7E13E9818A9637C2B2DB9362E54D9FC5524B43E5750860C5052BF660DA926E84C7E723DACE194B1C75B02AD0014B83276369A0378A7D1D51E86983D489B68831B1C04C2B4BA4DA6AA3C8DF0AC5615EC8F175479AA91E4243E75256EA11A86C411C498C4CDF8D20EA7B7CF6764466505616D30925D721366507E2A4752A6F2F745F485AB05C6CCFA6FE88FBADF88C4822DE20FAE5E7D7F0CF92FE5C94B47E284957FACB1A6EC4658A86D700AF945A36BC0E4CCDD983D0E9A588B77542FE441DAC097442B1BF2B964CF644B69F2F8A264FC45A2F4B94FB7942E6ED8630232DBC6D638454473BE44D9AC4417141B9AF25165B4E40705C2A1B692DA68AD0243FCC41780771199BA9EF5DF05A7210BEB49F81990C534B5A1149E9094BA7BCC876238AEF93483953FA27EEB7E206A1248612CF11FDF2F473F867487F8EA40F8EC968CC09CDE9BCE3CB0A0B679A0CE7140F60F38B60138B9A5E0089950B72BC9DB12EC01E453E0EC8F2F54296B72796F93861B9CF4414F83BA2286822967959B3A13A23C1DC1ED34DAC49B4318A039C9017E28662471BC45BDB2166FE5A84E5BD0BEFB915089C9A8E90A979089A5284E09905089A9D0BFF846C044DCF42445C26A2A295884E28437432C355E6DEFE081B28DC21C4C2DA60E2A9887F5AD2C5970F0A97366546C89A6F4B723A398DEB119AC22093D989F0FC5D889A5B8C28070F2CF5B444AEB70B96522A0A263940E1E98E2C1F6F2C9B6487E5949725C19358F5B658EDE788B249AE48B1754082852516385A6196A52E145EAE28890A448ABD06E283A641F2F64A4CF1F546B28D3A52EDDC39380E909A6A4346694AB2B6C65C0B36656B23243B99238E7F2B70CA6248F277F647D64042A4D94C6210F1C4C43F2DE92F1289B48357C2A46DF061B30C57525749BC44DE0E9F54EA6CD83C6AB5318A281FCB273B22D5C501F3ACCC914482165AE863DE4456FDA48928F576E00CE0E0F8396199BF0D0A7DAD91E4688D70430B4A0D2DA4831907C70E85012E986A6889684392CC412CF1B1C23A0EE2F2205764FBDBA2C8CF19CB257EC8F775E300DA631D9138D111C1FE7310234256FF640D24C4B2722221B8E98FB39FE06948FF13114E9C0963C2146951A26C803F83485C7A3D12D8BC2451C958E86806A9AB3352DC9C30C7C602F1FA3A9866AC8FA926FA986662880456E64C070724393B20DBD396A4BAA1907A5F14EC862C0F5BCC34D3C5DB9646789B952BA3F42C9CA887640723647B8819E28A426F471478B357F83AA3C0D79E52E580022F17F60B57E4F93BA3D08DDFE9E689698E3E889A9684F09C76C4D3E57865EE83577637F59E5656584A39DD8DA2910DB98DB6B35F329F14624DFF0C21B8111CF5C7DD63781AD26D8803C47DB1911246EC5039633A1BA86A4590BA2B710AC03C6B63243BDA923863EAB4F0E2A6D47267CA851316DA9922C1581B71FA133093E128C5C91232371B2888A57E2E280CF2C0627B0BD52025725066599960166DA5929FCD9FEC8EE5FE9E7438BC25E1CB58E1CBD8170A49FA3236E302BAA2A58124DDD39A4DD813193EBE0871F5E6F6B1C764F5C04FDAC284DA441FCFEDE5F607AA960E9A497ABF443E2D848F17DC088EFAE3EE313C29E923899D845814A2676EA277661849A31F673A8CA0B6FB472421DEC41833CC2DF1B6991EA6186A609183392B90E404BA23978E6529E5A6804D34D3D91CF3CCF5106FA487B956A648A1ACC83D26A228D40F397E5E0C4EAC744B53CA921D16D8D843EAE686341727CE200756B82B2BDC19B99C25F93EAC74CE92A59EAE903BDB9178BA9E500E9E9B3965C71DB36C2CE13FA510E14B76239AF9213A9D5693B63632B38169750F42986823331AFA23F19F81E0467024B8EA8FC37FE049487F89C823BE26547F40B5D69149C2654C806974096935F067F39C67A88E996C86B3CD75A9DBF624DA89CDD49115E98A62122FB09C155AC001C8F67151E9FB14123FD54097988085366650D256A6B84D4482991166090F6F6C86704D0D44E94C4084D618CCB736448E8F334A83BD5144695A4A37543CD90B0ACEAEB9665AF4F83658C14C503A99B2E3668720F748042557617A762B532C7B8F74075D4D23B3C43E92DEC66AAFFF3179BF058223C195E0AC3F2E557812D283091108FEF1E512590BD18C290C2D61D22604062F42B8D678CC335547D2444B283DFA74B738C003CB895CCA83D293A0F666B83B62F1441B4A872922F5B411A9AD4EED37E3E7AC48BC06E2F4C673A6E8AA6E679BEBD38DD09DB859A1303A000A7F17CC21E9297C6F8EA720DC453588259C1DF993DC3087336CAE9D1EEDA93DCA423CB16AB207E6DA5A21287C2EA2955D8894F530B5D6333C89F51CEE8BB41192815F3E165C09CEFAE352855F237D1CD14A8866F18F2F0E95B572839912B3764292548D205367A49AA833CE9B226732A7BCDF24062036486AF9120E408ABD152BD41C538DF411C98A8D3136C07C27CA41982F36CE8E478B2209DD4BD2B0FEED0864D34EAE8CF147E5EC18EC488E45B33C013D0589385A918DD6258958E0608A6906DA48B2B547369B753107226F120799042F0BF0C63C7B534CB5D24386A73343960F4A26D1423A392268610D42189AC2B2BB10C81E1497BC8983508F101A80015EB7175C09CE0477FD71FA8BA48B851DE141EF128F7DB1585A8D60188A48DB8CB0D80C4C373242B98F2D96065046825C904F6BB7DCCF4345469A83153DB421163959219D159F13E28D35B362D0289F8F4345327CB0261FEFAFCAC189D53978AF5C8903856938BC42C6FB5938B12603EFAD96E2C3F59978AF221347576622D3D709317A9A986969C9EFB687DCC516724A595110932C13AE9264CF77B241B4BE16323828AB293589B646080B4D42482AF53C672F7B523B6253AAA9EF7460CC17BFC3C112C199E0AEDFC5B15F225D74627110B79F2F6DA22EB62362711DA2DC83D904ADA9D74E5849420A69DD44B3CBF3F54086AB3DDD8C11665BE9A2387A323A73E6E3DD55329C5A2BC5E93532BC5F26C391E2641C5EBE18079725E2D88A349C5A4382CBD27064F9221C1015BE2215478B5371203F89AFE5A17A4E0CADA70E220CB430DBC2020B198C12D95495F4FDA59E8E58E5C3A6CDBFFDB6AD31A61AEB20D5958977A239DE76B44364E22A86B97710291507386AE9C0680632386BFBDDC7DF0CC15DBF6EE6E748FFBF84386CF50DF1A32F6375706325CA6EC42CA8441CDD45818F356D1B1B98A71DF2E8248A5975190C4089132D90603441650D1B5367E1C4AA2C9C64E51E5DB9906472008A16617FFE5C92BD18EFAD4CC5BEA50B58E9899C018B71AC341DC759EDC75765E250718A6A503EAD2AC0EEDC24CC773046A8CE384C33136EC90CB31D2DF8B74CD8381D39E3BCA8F5EE0C4E4E986BAD85586313DA5073245BE8213A380141A94D88A59E8764352358A46821953FD9C70181E04E7028B87C8CDF87A48B43523F44B32B7199E8EFCBE85E1884487E7C5C2A7778224A3C2DB086CDAB400414BA8FE5742C0BA9AD0BEDCDF0B6B106ADE024ECCB4F25B919385C948A232BA5243299A427E33D927B90957EA484D54C720FF1B577A9DF9F6C29C5A5A60D38BE361BFB8A17E160F1020E5A3A9189E5E15E9861AA8F196CC6F1A67A48B0D4C71C668039B4883237A65C5F6F2CA37B290AB4C61C2B5B44986963115D50A49915C2282B31E9ED0864A80B21E9AA2353032F2F8F2038145C0A4EFF81FE48FF77BEB08AF887457C1C0F8F438A2A9F1C05998B0D2A241E28A02FCE6180C9651C97399960A1AD03E65077E7DBE863D33C090E162DC0F1D2453846D938569084E3C51938B17E293EDD568A53D505384CA939559587733B8A71A5A90237DAD6E35A6B153E64751F2A49C7A115C9D89337171FAECD457DFA5C364C73062C0631073B4CA76B8933D5C22CE682D936E6F4F4B48B94B865DE76C8F59FC4C1D046828E36A21DDD691FB72038AD4DB56624C9A845583A7DBA38D6DAEFBEFE66080E0597825315E102FD916EC7177EB6CA555591B50BA1A90D88739D8C644B4D64523753DD5D91E1E1C4E6C5C649A2E32C1C104B9F9DCD81D8AB5C88D3256938519444FDA6549466E1834D2B71A1A912D73A37E37A7B157A9BD7E27AC77ADE56E0CE9EADAAC7D75AD6E1B3DA521CA1C61F2C49E26D328EAECEC07E0E98C2DF0131DA6391EEE008E92467CC99688A0823E60456FC7CA6DA796CDEB993D86382DD39036DB0C0CA08B10ECE0859548D30DAC7506A7A64663D221542D7FBDBCF0183E05270AA225C40453A35FA119E27E9629D58AC9EF5F705AA0D8C62388A63B20B9C598EA049D19861A285140B756AA819A6989BB2FACC91481D4F309F8075338371A22203EFAE4EC1E1F2247CBCA300577A36E2DAAE1A5C6EAFC645127BAD7D23495E83DEB675B8D8B601E75A37E252CF56DCAE5F8FAF9AD6E33425E5FDC2549C589E8A33654A7C52918FA6057148A67CC5E9E950C62C9117EC8514172B4CA1D79F67C7C44BE2E7DB5942EA6E8B523F47E432BD4EA7FC0430A186B2CA2333EA54FB124AFBD8DF7E0E2004974A89BCF179821C37FE84F4E124FDD88F3EF41842292F518CD451B2CDF056EE457036BD6F581222F47531DB4813C9136D9160618564432DE4B9DB61D58C48C8E3033085FE7D2E65A87C51020E5714513EB6A0B7750DCED5AEC4E596B5B84A39B9DC5989A3D5C558B9680A36E7A5E3547D253E6EA941D372058A6647232BD61F21460C4D9C59B54B5251101F8A28FE9D05B6E6903BDAA334D01B4A5AC8F916FAD47A5DC45B9960AEBD0D140E665819E4864576160890A4213CA506F1592D089476208079E3199CD4748C640FFF39D2C348FAB57E3EF40F880D0CA6A6FB8B83BE9CA2818A36F82B0F2276F116443BF921464B2C055863AEFB440473E707FDE5DFF917D4A0F6BF9E87DABFFD9BEAFE1FFEF03CA6F9BBE24E4F25BEDABB95F2B216171ACA28376B70636F3DD6A4CFC6ABCF3F8F41AFBE8017FE839F7B5E0DFFEB8FFC1C6F9F13DF45D85AE822E3ED702CA49C2598E823C9D202B9AE4E2823F10A57CAC94433C432D94E6301CC35D341AE33B7893331625A1EA63195462998A415BBE8C4C41903BF5B237D846B243BEC31D2A3E4B52A84CA9B4B49FACF34D03E08D28364CD982C6B43AC920149BA137EA9B46039871192DC80D8E80C849BB081BA9B223BCC05055193B189D5BD3D7D3EB6C893B062D1DB08723081DE6BFF0749DEE6B8D65185EB9494DEFA325C6DEDABF64B3DDBB1B3201D8EFA63E1496712E46C0B89BB23021DACE1636E00278D117018F306E4611E58111F8829463A24D614F34C0CB1CCDF1D25744B62914DEA6C89B7297733ADF531938D34CACA0EE14CA25332BBB9CD3B11C28017A5E8E0ECFDDD49FF3A54DE541A25EB5413F821E94349FA4724FDB1C8FF63081D8C60A5C7D23686A737326830206534B26258FD694D9891D309BF84124883BDD1A99C4B2D57E0C2B6A5B8B7AF1ADF1FDC869BDDD538B57D25F6AE2BC0C1EA527CB8AD1C171AD7E036C9BED5C1C6B97305AE746CC0C58E8DB8B9BB06E79BD6A17B851CBB4AB2B06745264EACCDC3D90D4BF13E1BF307E50A74291391E46C87287D3D2CA46B497236A36DB547A1BB0D564F7683D2632266BB992256430753FD63E09FDD8D30C53B085036214251876869834A32FBDBD701C40392FE11091FFA0FD2A3E53B05E9DE24FD1649EFEF438F215C341F26D2C0947A36A5764CA1D4442EDE4CB9696363EAE28E6CC34CF74968CE9C43AB9788331B947877C37228A7856132A7FDCC19D33135361E56DA63901AED87836B73F0D1E665B8C301B9D1CE464AA9B9B36F0B07A3066E06A3616E3002EE16C648993E176E4ECE08F4B2475BD66C9C2A49A1A391626B62BC6A397926AB7A9EAD35D2983E5787FBA088812DDFC78355EF8C3C5B5D44BA3823386B0722720E222465070B46C8CC3339BA248E3DDC22E1DED1B2AE3ED2C599B5245D4ED2BF7A12D2A9FDAACA0E9735A84E6D8EE0E3484ED708E56E8466F520744E09BCB4B451123F19EF5724E360E142EC2E90A2BE280B3323FD489C23B4353430F82FCF23736A30F69429B07F451A3ED95AAC7231D759F57758E5C99249C89F19850D3969B062A4F70F09C28BFFF912FC6D4C71A6A618976B8B70BA328FC1291DE5F1C188D5D7C61C5B5B243B89A3521351C880B434C01D450113D9642D984A8D10E1391B124A6348CE6E0471DB43B83FCFA0910AD2BF8A9475CA03531BFA48A7B63D47D21B49FABD27229D9A2EA1A4C4653258506282282BE1F20E0466ED459492F2E23F134E23866386B506F6E44FC77106A3F7CBB2F0D58146ECAD2E4480AD21BCCCF4514387F2FEF6721C582D4747DE3C9CAF2BC3B5B68DB8D5B559456A49CA745C6EAEC1175D7570631E507BFE0FD01F3E0C5DF94A7C7D6027AE75AFC385EDA538B126079B13A722586324A65A98600E1DCB428624A58708498E28F1A15F0F617F61D39D6D6983D05819E2E8D5459184705FFADBC7810649BF47D21B7D53763EF788F42124FD1249E71B9E8074BE4754BBF0EAE1E9750896525658E1BE193D884ADA88605B47D8BCF92662CCC7A1451183132B93706AB512D79BD7E16A7725F6ADCFC39E3505F8FC9D7A7CB96F3B8EAF53A02D7736AE52CBCFD757E072D3465CACADC099BA75B8D5C93ED051833AFA74C5AC18D4AFC8C6B5AEED6CBAEB70A9B19C016A033EAC5C86950921F0511F8A60FD0988B7A44F77B0C762075B281CAD90EFE18C1C9FC92888F04141B01966DB5B213E360731DCEE70715A5E3FFB38D020E920E997FC526A873C22DD89A4B3C38A37FC1AE962C18BD3935D3F5A4A5D549D7328D662F81C2189CF4288F648D80E7D0BD156BAA897C7E33075FD049BDE675B9693ACD5F8E6503D2BB511B718F3AFB7ACC1E1B214EC2E4AC417BBB7302CADC7A5860DB8D552853B6D5B719EC9F442FB7A7CB3773BBEDEBD15B70ED6E2DCAE6AF436ACC6CD4691622B7166EB0A144F0F82FBD837E13C6A18244686AA9036DBC20C89D4F8442753C8DD5C90EAEA88420F032C3618033FEF1804276F43D4EFB3B4FB133C24FD6B92EEF488F404927EF769480F12A72DCB1E9E96CCCF85A6D5614A369F8F4CC1E4D1AFC36ED84884186BA15EC930549A8A63250A5C6210BAD1B10617EA57E162DD1A7C4E2939BF6D393AB2DFC6C9CA1C6A79159DCB264A4A25AE37AEC74D26D24B0C4EE719A2AED4F1B3F5E54CB17CDCB196B3612D6E70E65C6BAFC4273BCA5136270AF6C35E83F5D0373049631C22F5B530955672AA8D05E6988DC2022B4D4C3330C14C335B4C75F343507C06F38638A59A3E5DF6CC48BF4BD2131E919E4BD2BF791A790991B5F61DD4E567246CA8E169DB9190D785D019CBE06D6C09F341431169AE8B969C59385626C3F1D22C5CA82DC78D2E467CDAC04B8D1B58A51BF1C1862568CC98AA722DAAE75B2A49FA7AF436AEC6C586554CAE95B8DAB20EE748FACDCE8D94130E009FEF25E102B73AAA19ACD661251BAECD90D7E0347A043CC68D84CCD715B24936F4E64658C8261C676D8CD8C03804C52911B8703D66D2814565B20F715FC419BEFDEDE740E221E9DF90F4DC47A46F26E9F79E94748148592322487A105D4C88422C0DD4229C3B112D6642642A1C068FC4344B6D3429A6E028ADDD89F26C9CDFB90A975B19F95B37E046F7565C60A5EF2B494777DE7C4AC73692B80157DAAA70B96D3DCE379472002A709DEF158370A57B137AA9F997292B57EB090EC66586AACF3BABF99DD5289A1605F3575F81EB98B108D0198FE6AC057867E9426447FA6346480222A6E6229285115C7010C13907104F798C60320DA121E86FFF061A0F49BF47D2373F227D3749FFFE494917E78D447363C3497C90F0E6F4EC2256FBA737212A772F62C4E9D2A6F4C41A4351332F18EF96CA707465063EDBB18C15BD869ACD2A6DDB848F29175D0589D474396E92C44BD4E8CB826436C96B4242681F2F53E33F6D588BDE76563425450C807038BDBC3D5FB75A9566AFB76FC696B4F96CA4E3603BE40D445BE8E3ECD652DCE1DF6ACA4D46B46213220A8E2340CAD8AF38807069077CD36B2011BF7DCAE4F63F0307F390F4EF49FAEE47A49F22E9F79FA6D21F2D87F679DC26D563713F549C41A5EC8624261B2EE3C6A220C0117B0A64D85F2E7C7806AE3595E262E3263A951ABA0E255AB367AAD6D36F509BFB561BD7524ACA54D273A9711D09AD560D462FA5E76A6B256F59F52D1B5510727499D2738BD27499AEA756311FB13606C86230FAF6600367442936C86621368D15AD64B3576C4584B409D1E93BA9E5F57CDCA9F2ECCFB091DE27E9A71E917E85A433AA8A373C19E9BF0411ABA764B520C0C60BF36CC6B1994EA58C4871725526AB98366F4F0D2E514AF69724A1593993BABD91154B9BD84839A11BB9C17074919A2E561FAFB0EA2F5052AEB4926CCA8EB87FA949CC00CAD4C341BAC8C67C67D7165AC9AD38BE69258EAC2DC057FC1BE7B62C45717A322429B5103F340B916D55FD78208A721824967645A87BB696F10149BFF288F4BB249D2F8837FC76D2851B882E7C1721D10A849AA9A36AA1370EAC90E268692E2ED495E0FA3B6CA0DB8B50279B8AD625B349D03612D747A6C079CACE3556EF554A87A8E4BE031C743484B82F0640DC173343F53A3F73854DF5D31DABF019A5E80675FEF3F675F8A84A09794A2642E45D2AD22332B6D169B52122AB1BFE52218FF588E63E3F9AB5BF271E920E927EF711E9F70794744ED740F96E042A1A11EC23C1EA30671CCC5F8843154B71B672396E76ACC7D14D79D8941886778A93F1EDFE9DAA6A15D52BC814C40B625555CCEAEFABEC3EF21FDD1738CFCF88E73E6793159FDF57928643AB3258F5D50C62ABB0974978E62C39C273F62298FB152DDBDE972968137D33DA2935B58861337D060B5E3F24FDFEEF447A3382E8DB0359ED92845264FB7861575A0C0EB061BEB72E1F5F504A2ED0F63565CEC4CEF4A9F8747B096EF76CEE3B90A192943E191195FE08826441B8B82F2A5CDC1703229EBF417F7F91EFDFBF221527D765E28B4E7E4F433967580482FDA731EE77333573F60987A5684600AB3E48B98755DE8028E9CEFF36D207565E04B2A8A3CAC30859DC8E795173D19A3C05C7983A0F6DC8C11536C36F3A36E3744D21EA33A6A3236F2E49EB6B9EAAC376AC5E41EEA5A60A95A68BC11083241E0BD9110323345FA5F32AB9D9804F77966277C1427C52938F33D5B938BC5A89646F5B7859B9B1A2B7ABF244B47029DC797F168444B90F911C8030A6EA01DBE75F407FF232A08D542042490F9FD2462DED417C52392AD392702C7F1EDE5DAB60822CC32D36D25B5D55ACF215D853B40807CBD229172B7167CF1655E55EE6EB82F85BDDD52A08E24583BDC9CF880110837183BEFD12C9BFCE80F4D1B612F42C4B64705A89DD4B17A1244182C91346C14F531321B30A119DD54AD22929E2D48BF4ED08C97C47B5521A4A7BFB0C497FAC913EB565FC3544A4533B855F57D24ACAB7212B3D0B3D39B3F11183D2E92D2BF029ABF32ABDF67592776E67113EDA92CFE797B2624B54A49EAF5D4D1F5E8E0B6CAAE7F8DCE9EA7CD5291AEFAFCFC6AEC2457887A1EA7C6D293E17C4B3E20FAEE1F324FD16C3D78E946988A357B71FFE160206FF273C4317B0AA4970AA5867D989286E4F087B4E90386A4489E96FFB071A0F497FCC323E55387A1284AA2E1FC25B451D7C5955F3528BD19E3903A78BE6E2F4E6429CDAB21CFB96CD434FB114BB4A73B07F652E0EAD90E378A91CBBF292280F796C8CC9D8572EC5FE0DF938BE732D6E9FDC8F8335E5D8913D1727ABB27199E1E74AD7765C6EAA26E10B3910A9B84BE7B2616620EC470C82C788B7E035F20D4CB2F4C2B4B4CD6CA09D084AAE65B0A3942A9B98A4493873457FDB3FD07848FA63E1E8A997017E0D12BA824839A733FDB08FE22066A694A34936032797CFC607553938BBA31447A8BDC75AB6E0F2C7A78933B87EF67D5CFBE8302E9D3A82F39F9EC4F58F4FE0D2874771F5B30F71F7CE4D5C7AFF209A57E6E0587521E33F1B6A6BDFFAFBD90DCBD0B3643A07221F37681997C74E82E1B037E03A7A0CF12A1CC66A41322D1BA1D94CCCF24E3A1636525678B0F8993BF10CC3D163CB004FB5E0F52410C934929E384C5E077FC53E24A45660BB6C36DE5D360BEFAD57E23CC9B9D0B50D973E38C26DF8F57FBD9F7E88A695D938BA3E5FD538AF51F36FB3D2EFB494E144711A3A15F11CC815B8486D5F12E606B3F1EA701CAB0987912FC261821E0262D3B8E3B588A55D8C92B5D2C188DFA5EEE1F63D93B3011E91FED882D7532CED3E19421990C4451924E2A424EE5C5C6A2536A42FC0E1FC5938B62613176B57E1464B154E356EC2877B3B71E1D4097CF6C151F49E3C8E8BC78EA1F7F87BF8E0DDC3B878E67D7C7A64171A9727E3C0CA54DC6CAB602F107671A3CABD9C27D1FB0B52D04AE912A7705CAF5B81EC001B980C7B0B8E2346C2D5D00C129FA9884BACA0356C82249D044B292BCA16046772FBE8689ED1E13A41FA634BBB4F7110E3C9D0477A1B49AF27BA119EB61525C9A9D8C7047A9401E6422D9369DB2AEAB01435E933D098B3086D4B12D191B510EDF2F96CBAA9E85E968C6E36CDCEDC99D85B38175F74ACC68DF60A5502BD4ACB7996CDF6C8DA3C342FE1677216E2F35D5B497A01B27CCDA033E80DF81B992322428984C53588A7D44968D98205C9E22C806CDAC6CC2D0861B317D78AE96F1F06120F497FEC20C6531DAE7B52884B838863A911F20E8693062C59AC408F720E8E95A5D13616A177F7069CD8948F034C92E21CF57DF9F371A090B3A16C310E5624E3D335727CC8F79EA57311FEFC12F5FB9288FEB492575AD7E0B36D45D8C719D0A248C0B1F22CDACD1D38B7251BB26017D858FA61E60C39A6719F62727A1024ED20C15D6CA09D88C8EC0B4AE25225A1B490FD6DFB40E321E98F1DAE7BAA03D34F8A7071D49D533A8615EF27EB406A522EDAB36693F4547CB469192E77D730896EC1B73DDB70871AFD71D552D5418E1B7B2B7169EF3ADC6CADC2DD3D75F8626F23CE776CC799C62AF476B1F1D2667EBAAD00272837DD197138C43E718389F47AFB267CBA231FB2697190CCABC4DBB99D08CF64025DD2067FD5818A76D552B4847A1E952A16BBBA55972D79469AFEF881E9A73D05E38921ED3BC5219EDAEEC31D4C5CB494DA3B0FC756B27A2B59BD24F55A2309AC598EFD452938509A8173A2C136523E58D117F9FAF9968DF8AC6903CE7350AE756D562DEF9EDB5AA2FA75466B7A023AB367E1D32D39F89201E94AF34606ACA55892944267B217FE990718845A30394B5C0B466C470B02A4B5F4E88D884E133FE0EDA2C43C33D21F3F05E3694F367A1244885F38503F43F87D71BCF592EFC7DCA4123465CEC691D245F89876F15A172BBAB90CA7B7E6624F690AAED0630BADBEC281B8592F0E68AC26C96C9C8D65F89CF76F36ADC4A7B485C78AD3D1269D89B6EC647C54BB16B77A38031AD6A3B77523CE6C91A1227D1662E7AFA6ACEDC4948C0EF852CFC5A92209DC1671B428228BDB28ADA3BE8BAB25353DAB46FAF8C946245CE0894EAB7B1208973035B91BC1D93BF8C7BA994E6BE09979183352B7A28ED6EE686102DE5D9D43C2C5C9FF15B85057CA38BF11BD6D9B59D524BB4D1CB058D77754A885F71B58F975ABF14975011BEC3CD4A6C6E21083D09596F5B8C581BBD9B20A575BD6E26CD71A7CBC4381F7535EC7D1E4A128CD7040E6C264042A6AE197D5A08AFDD3D3F62032B59B8FEBA8B1CDACF836D52CE86F3F06103F3DADEE21E94F7402E993A18521640B02B25955B27DD4CEEDF053D6636AEA7A34A4CEC627CBD2B1AFA81887562A48E85A7AEEF524AD1AD73B6B54072A7A9B57ABACA06894A72A73716A430E8E9767A036258E88C7C74CB4B7BB859C507E1AD85CC5A258FB3A55A3BD525781934A5D7CB7CD988F1DF16EF6602C4CCE42704E2B7CB3DA10ABD80A7FE966C464364242DB18C006F70C2AFDA727903ECDA9D24F0A09ABCB3FAB83CD7437B553FCDAA11BD18B5B50B53819A796C5E0E0AA34BC5B2CC7C9D54BD95849EA2A254EAECFC1BB150ABCB75AA15AA21544BF5F9189FD7436B5C971AA852C51F9E260F485860A7AF57212BB0117DB19B29AAB715968FA96221C540CC1F9E57FC6BD1D4640ED18D4245A205ED68EE8D41DF057EE44C8920E4A4F0F2B9FEEEAF7AF72819F9E2AFD03D27FF547014F8A10A9700AED0811D711A0AE86A71D4078F26E64A52E4383328A36311667CA16E258513A0E2DCF20E91938592153FDB26E7F012D236FF72D4F4477EE2C12CE415A91A6FA39CCD56656743D4350C726F680F5245D1CF0A8C6454AD525CE922BF5A53894371CFB163E87FB6B9CF0E060043E2B7A0B29F365885F5C8FC0EC2EC464D523405C6A30BD1D31E2F285FD6CFF00E3177F14F0AB3F7F7932B0618983BFB46901F4C4AAEB69B1F24528894AAF45E6A2E5A85FE08996445DB42487300CCD44A7722ADA15B1E894BF4DCC41B36C069DCE74BA93D9B840A9B9D3B39995BC16BDE2D8689B3886BA06E75A36B3C2AB70BDA1800DB810E7A9EFD79B37E170AE063E2E7C8D551E88DBBB8370BFC31A558BC62050D68898257B1196BA92846F535DBD83D3BE9FED1F50F4FFF31792F443FCCA0FBD9E042D88916E412CBD7960C61ED551F8909C8DF4C44D98CC4696B8508E030A3D7C586C802E993FBA94B3D1953315DDD9B1787745063EDEB802A73715AAC8FE9CD6F12AC916A76388F57571B4E88268ACE26C00CA4A2FBDFB177525B8D94D27D4B90D2719A6F62B06E1CE8E09F8AED50BDFB47A02FBBCD15B3408B353521194D58D10E53B88CDEA21E98D9C85E2820CBF6B22EDFF875E3F205CE0577ED2F8648864128D147A9EBE17518A0636D5ED084E3F4257B3056BB3ED706BEB70DC6622DE93198077962E569DCF78AC6421CE5515E1462BFD78B75845EC7330E2E4A4F3628D9D01481CAABBCA8679B9691D2EA88E32D14AD66FC2F5D666F4D62EC37185393E2A7A09F7BA6CF16D9B3BD02E215C813A47EC4C3781DF9C3C4C967D44B28F228229596CE7EF282F4FFC9346F1C22FFE78F749104CA7102422784A03A68A6580AC5AF8A41F4756620ACE968F02769BE1F2465374CB82B1BF508923AB58FD85F3716ED30ADCA48BF9A46385EA74BA5E5AC84BD47171D69748A2AA83D2245B9CCB78B59533A0A58C8D7413CE3148BDBFCC19BDF257F06D8D26BEEB94E07E973BBE6FF3063A0271FF9D40F4AE1C8DF93E13E018980E9F546E5BDEEEBE0B664AFB9602C4B1D23E887DE8939DC79D8D78EE111E3DF78BB34470F8733FDE7DFC49E2177EA62EC0264447226E852E8AE7240F375C1CB88850B45056B6F33DEB316D7107A6A5B5C057B91F53E617A333CB06F71A6C70BFD516D7570DC6DE34271C2A90E160095D4AC9229CA9CE63C3146704ACA66F173F002BA1BCACC2CDF6CD0C3F35F88CF652F8FBCF9952AF0BD27751EB5B37E1C4CA30BCAFF82BBEDE309C1A3E91B2E20B10F79A7D8096003CD8C501E8D04351E0AB18AF6D0C1D8F38F8CD2C4418E546927748F5D346710672344353349BAC58370AA1AFF71312A43A18D3F7EB9330054D81085B6CC0E25493509990A77ED76F7EED67EA8F3FF9103F7B4186BE0B008BE38BE271DF00F40D8238D34B5C23AB1EFE8AFD8CDDD5884F6B4290AC136ED987A14C0EC3C53543803D1EF87AB3113ECEFD2BF6A6D8E2F8B2C538542A57FD6AFACCA63CDC10CDB2A14A157EAEB5555342C441EAD57C4CA7D252C50AAF519D602A7E1279AD63033E5A3315C73346E072E910926C8DEFBADCF07D27B5BCC51F0FBAFC493E89EF09C097755A90056860ACB60346EB5843D7C21D56A169F04DD984B8EC0EC467530E692D43A5DC2F41B458FA153321539CA844F2F97CA8EA82CB6D9088EBC590F4E82C51789C1DAAB59DFFE28878EA0B3208FCC2A547FAAA5C90AE5AC2155592C90D91D21E8A9F7DF33D41E262F4CA464CCEE9C4C4F4A3084DCE43CB522B7C5D6709B4D9E14AD950F4248D42E7A2001C5F9184A3658B71A048898F362D67CA5C858BF5954CA1E29777DB71A1BD069F36AEA23329C39DD60A5C21E19F89B5968E2DF8A43C0EC7142F92F0D7F1CDF689F8AEC51B0F3A2653C7BD71BFDB8B70A2D404027B637032770C26DB1BC1C85C02034337126F8CB17AA630B3F385775C0EBD3B0967D5FB2B7B189AC4821DDD0E753F465CEC93851496568F50EE5F38F75B5574197DE89398C748FFA72F3D22D0FF457644458B2343AC0431008FA4A56F10E85C949D0893776232119C5189850B9660FB2273DCAED407587937D66BE2BDEC37D023F3454B52020E172F64109A8F03CB96E04C65316E7489B3BDFA7EBA7E519C8641CDBEDAB655756EE3B5166A3EF5BEB7B912A7D72EC67B99237169E90BC00E3D3C20D1F73A483A497ED0ECC78A77C7BD76070E620C75DD1915D3C6C3D0C20226667E3032F1868199230CF5AD3041DD041A860E30F39906AF79AB119ED589483A1C71858CD0D4ED886431C5703FA359D161743B62B93A4CC88DA20D81A92C34BEAEBA967B1F3FBFE9223B8FF093CB4989510D1797D7CBEAD3F360711D2F6E5424354F544008899F91DE88D494346C4DB1C2D97C0DDCAF3224E16EF8BAC50CA772FF8677D24DD93893D02A9DCF46BA10EFAE5A84632B58E995A50C3E1B70A18D4D7457391B2875BB41AC9F57D122526A886B8D8538531C8E23F2A1385FFA2ABEDF6A0B34524EBADDD8A03DA8E9BEF8BE3590848B263A095FED8DC79DB56F21DC550713CCAC6164E60C5D4B1F189A79C1C2C20746969E50D731C7287503E8597AC0233C0561495524B903D1D97B5948425228356276D3D78790E010E1EFB9CFE26243629F7FC0CF6FBE9C94C04F2E9CA6BA727FA6489D0D2A3911844765B5AB4817D5EE9FDE81ACF9B1F830FF6560F33812618FEF8E44E26E7B30EE546BE26CEE7F607F86250E2C976177CE22EC2B4CC1D195C9AAF3D83FAE2E5569F6672D8CF8D4F65E364B9134CF35516EDA59ED3BF2712C6F223E50BC869B152FE1AB3A3D7CDB1A8A7BAD7E942D26D05D7EB8B7CB175FB77B00A2E2DB2771B09DB07DF19BB034B584B6910B74CC5CA06EC35B5377E8997A4287441B9A4F82B9B91B74F5CC315AD3107A760198145F88A8D43644E7EC525575108B499C9E172A8A8DB35CD548C9C10FF45C703420174E1378EC1281826481A0D43AD51F13848B3F1C227ECC2BCE55CFD9CB00341557D718E3C1DE29B87388537D171B5A8D27BEDE340EE757BD88C399068CFB0B58DDE27A2F5255E4DF5F388F95BE1C579A36E13C1DCBD57A61194978DB26D5D532CE6E5888C3724D7C94FF37DCD93018DF6E9D80FB24F73BA6CE2F8517EFF2638507E3CB5656FC3E2F56FF24DCEFF1C41765A310E4AD03031347181B0741DBDC071A56D630B07182BE9907744D5C29352EBC3F1106162ED03575C5182D7B8CD577859953147C6697536AB6203EA74D6527FDC459C02C3671050D11B054FF8DC4005F22F0114427565D0C53102E9A8720399AFA271A69203744101F9DDDC90DA2B64FCDC4C9123D7CD9414D6D9EC4B022C183461F7C51698D3B25E3704E3106EFE445E08395721C294EC3E1958BD84C33F0C996627A70719A74256E743308B530F8D495E174191BAEF24D5C58FE1ABEAA9C80BBDB8CF04DBD13EEB5F8E04137A565B79014A28556B1D38796D413F73B7D994AEDB0216E14340DEDA16EEE004BCB409890745D737BE8110626EE3062C59B58B9C0D8C695B38030F682116547DFD4016334B431980360E19300C9FC72C431E845B3C8847D14D7740F92D7098DFF5D2E8629F05F977D15EBC3AAA6C9E499D5A1225BE87A7C4E37EFD7C220241F5A863AD895F226F08E332B903BDF1E80FB3B1DF1ED7A6DDCA81EC5011986DD32671C67951F2B4DC5C79BB3706EDB2A5CA64BE96D65306AAEC1B9CE265AC864BC97A78F33CABFE366C9107C5DA9836F6B2792D4007E6FA8AABAD14A1D6F9A8C6FDB49F86E4F3C68E12037F9E2C1FE40CEA8D7E065AEC70AF7C51807073A978930D6B381B1993B4CCDBD616CEE0C037327E819535A8CDCA9F3AE30B67286A125ABDED209C6D66EBC6F8D1113CC3052D703967EA9085EB485FB2D7E8122AE15DFF84022FFFD2EFB2AFEDFB71743D31B1323A5CD57C47F14224241A0205CFC370A1CFD8099A5D0B3F6C6EBC34661CCD0A1A84C1F89AFBA6D54DA8A96107C57E78E6FD74DC0571B47A3B7EC4DBC9BA689F602B104908ECF362EC757CD3B71A5AD0C1FD332DEA92BC1E15217EC5DFC479C487A09D74A4CF1559509EE6F61D3EC0C66DAF467557340690BBFE7FD6F44D36C63086A0BC4371DEED4761FDC2C358497873D6C6C2C61606C017D132712EC491D776735BBF0BE0BB5DC95B2F2CBD0B57483A92DB5DFD816C3C7EA63BCBE1D9C82E7233CB50A11D9AD5702A5BB1343D23B5FA4CCF4CBDB8FF174A44B9B9E9348EB07052B6A3303653B6E8730F82450BFA352B6C2C4731A5E1D6B8897DF52C788F1E618394C1BABA70E65A333663572FAF704E1F37A5BDCDA300ADF5619E093C291D8B3E06F3890374D7581B493650ADC685F49C742FF5DBF05FB94C638B9EC357CB14617370B07E1C3C4FF8DCFD78D512D5E7DD5491724349CE1E7BB7A7F7C4592BF6F66CA6DF7C2BDCE3012EE8CDE167D2C097D0D76360E3035B583BE11A584D56D60318944BA53C7A9E1A68E7CCEF92724FF185AE6EED03276A4CB7181A53D3F6FEA82B734ED30C62CF0B6832425D32FB1619024A3E7B9DF8B74B51069DD7392CCE6C131B9EFE44CC96EBCE31A29C5289D89786BB43E46B10A868CD4C6484EC5575FD7C4B2F0E1F8B2D91EDFEFF26268F1C3D7F5CEB85D3D1E17F2FF1327152FE083BC97715C6189638539385E928433F5525CD9D38233CBA7E0A8F225DC5D3B1EDFAC66755769E3F2DA17B17DCE7338B2F24DDCDB3F090F7A22F0BD90AC0E913AA9EB7B9C58F97CFE60346E37EAA222EA0556B1338C8CD9248D481EAB5B9F55AE6FC14A27917AAC7A7D5356BEAA81FE94E8FF821BF4ADBCE8745CA0C581D3339D48BD170DD8F98EBAB6758EADEFACC17E8B1A9F23E96ABF27E96AE1D9EDCF05A6340CD5B20B550E56D7BF3164F8688C1DAD89B163F4F1D6481D8C9AA08F7F1B62820CDFD77067B321BEE90EC6AD9D9CFE5B0DF075F9CB3893F1BF7169C550DCA91C8913B2B7B057311BEFAD95E1BDAA6C9CDF9A8743697FC5ED8DF4F69B7571A3C2100F6ACCD09CF437B8E80E86C4761093E578CE1C17DC3D1C882F7BE88A9AA8E39D41C09E20DCAB31C096E983616566050303092BDC0B06A68485171B272B9C44EA91409246FD7653557FFF64F7418F4E46CB48CC06CE124B6A3E6DA581B9F30D237347A586B6D55092FE1C4957FBFD495FD2A1E6BB68BBDA705DB737DE1CA69DF4D6A8099F0D1F3B8EB2A28EA1A334316C94015E18668158A797D0BB96A168B71F9BA816CE2E7F096BA7FC071ADF1E8AFBEB34F15DF5089CCD1B8B9E347B1C5BB7142756E5E244961ECE16FE1B1D8A1ECEAFD7A1CDD4C3A9257F86AFEE680C1AA58F6143EC1161361807725E21C993F0FD9E103C108B5BBB22F85E035447BF090756B19EF964189B5AB19A3D49162BDC92DA6CEE484C248142CF45D3F4E0EBACE47EC87E0403926C66C5D94139D23274E2E7DD3ED3B3F24C32B6707A4343DB528DA4AB3D3BD29376A88D3298A4367484E1CB23344CA3358CAD8E8ED131C4EBC3C763AC86295E7EDD18FE76FF894B1B7559E13AF840FE572405BE0275CD7198E13C0CB768FD1ED4D0B397EA605FBA2EF616CDC6C1AC407C9CF21FF8A666146EAE5567C335C18D152F609ECB2B18AAAE83C1E3F438A8BA78658436BC2C06E3783ADD51872370C01F5F544F4045EC1858D3698C379D046D63117A4C58D924D9C2117A160E9415C262220C2D04991E245284A3FEC9FE218C4D9D69335DF9398FA3DA66AED17AD6935E36B67056FBEF245D6DD4048BBFE85978D96B1838358D1867787F142BFE85D7CCE169F50A764B5F46D59497116031146386EBE2AFAF18C3D87030762C665ADDA2851B24F7836C6DEC921B627FCA08DC2E1A837B7CFE4E953A503E0899517FC190317A7863AC1E9D832E891F4B4CC02BC3B4F89DAFE058CE205CA81C0F45F84818EA9B619CB91726D0734F6093D4350F24E90E2AE89B9178336A38C38FA85E41A62EC9EC939AFEC9EE035F3771BA4FED6F32B470B7D73273FD0B4957FB9F40BA9A9ED964354D03F7F1A3358DF2878E563F3B789416D4B575E06D4A323446E1C5E186AC5013BC39CA08AF8F56C7ECC9AFE38B55C3F1DD562D5C2D7B1DFB66FF3B2E90F03B5BB47157484FD548544DFF3B7434C6E0C53106D0D0B6811EFDB53AED9AA6A13546EBD842978874D341BCFF783A14BE66E04B821D29251349A83B2B743235989A2DAAD9C483FAED4949119651102EDEE7C041F855F77256D7DC3D5FC7C4793C07488DA4ABFD0F22DD87A4BBA98D54D77D99951930567D4CF3A031265FBE3CD404AFBC658841A30D315CD300C32718E3EF430D60AF3D047BD81CB1790C3E2D7A15C765FF07B7AB34F1E5567D7CB77E185A13FF0A33E3F17863085DD104433A0F6798D32F8BC5292D126744176241DD9E60E08D91FACE249B61C762320975A40C905013124CA76148193110CEC5B48F74715F90AEC72AD7A70B1195DF0FD1025F12CD44808EB9C7CBBA26CE6AFF8349D7531B325A476DE8582DCD616326640C1FA77B74F858BD076F518BDF1A4589A0C37993B7A34669D0DDBC891B857FC7A9ECA16CB863F0057177AD3EE3FE4B08B4FC1B5E1FA18561EA86D0D4B7A234904812A4C740A34FC24423146E44D83F0361EB78ABA7F2DCE2BE8020F3D1ED23227F4C70DFE77E8407C4512283D024D448BADABF04E9C3C64E501B3A5AEB4F6F8DD6B51DA369523E5AC3F4D45BA3F5EE0D1DA5ADD2E6574718C0DA68021AE7FE0D3796FF1DA834C7BD720D5C2C1C81396E83307CE404BCC986394EC78C522016A258CDAC623D12476D25396EAA8A252903857BC429A29CB025FE44A809FCAB914EE8A86919D8FE59C7C8C1659C9679F94875C3D323C7E9DCFE2BEDDFEBE374B0347010EEAEFE1BEE6D32C4F76BD4F15EE61018AB6BE2AFD4FFA1630DE8916D60642592A40B63F8C487A4D379B0019288FEC87B5ADC264E13826C17E2CF848AEC47F897247D82BE0D61A7A6A967FD47755D0BDB91E375957F1FAD7B60A8BAC695DCA0BF7FF37DF56BB852AD8BAFA9E9BBD3FE8ED1E3E9F5358C305ED74A55DDC6D6827467924EFF4DB245A5FF46D2BF21AE10070825212AFB8FC463643FC2BF34E91ABA566AE375CCD546A8EBAABD3AD2709886FA848855F12F54A066F08797AB8CAE7FBD71C2978DF3FF726F88C6608C1E63446219B78586ABD0970E49820A827481478F7F05423A4463BC4E7C48541011C430A25FA27F88FF9F485753D7D0542B8F7D510D556387DFD9A8117077F508E5E669AF350D521FDB3B6E9CED1746961E5FD253DFE50E7FCB1DBEC7FBF785C77E44F623BFFD10F70941EEB7C45D4290FC05D14B3411A2A20388E144BFE4FE1CFE3F257D8CDAED8D9A6A77578F54AB99FEDA1F5ED7301F6568E8E142D2A7B3C273B8B3D5DCF91E92FC016FAFF0F157BC7DC0C7C26988FB422AC46B3D84786F0E319D101A3D8AF803D12FA14F8281271D6AFF0F55D8AC71E9562A330000000049454E44AE426082, 'fwwf'),
	(2, _binary 0x89504E470D0A1A0A0000000D494844520000005D0000005C08060000000C2DB966000000206348524D00007A25000080830000F9FF000080E8000052080001155800003A970000176FD75A1F90000000097048597300004CE400004CE401A78912710000434349444154785EEDBD67545D579A2DBAAA6FBF7EFD5E8D376E8FF7EA76DFEEDB3DBAABBAAA6C97937244E49C733C70123983084242122021090122C7C3C9878C72CE01C9564680482288A89C6CCB39CCF7AD8D71818C6D21DBFDEBFE9863EF73D89CB3D75CDF9ADFFCD65E7B1F06E07FE3BF18DFED5CBDFF395BDFD4CEFC2BBA59A06E8C49F43D4C6EB84EDB5E26AEBB47DB5BBF2A420DB759A86E84F966ECFF93A4F06C80A4F45A695059DB4971D97B7D91CA9B8F82D57D9F8654DFFC2AB2BEF31B97A6364468FA10AE1F44846AE81B5F43DF1791FAAE0FC3745DE3C1DA9E6B726D7F934C7B6BAD4CDFB72A54D7FDBB28FD4D16A9EA6511860126D67611DA99ACAE87896BFB9854778BC935DDB39ED35C20E79FADE9153E2FB4FE36A3EF66FE8A767AFF164B3EF4888D7CF815C3B39199A46F39D0CD8255D759A07E8405D6DF61625D0F0BADBBC9E4746222CDE0AC5FF44B409C73FC4F92BC53E192E2F7F68B4A2F8E49ABAE7F1D5E37041F651F42F57D886E1880634D0FFC747D10ED1E4374AC1AC105E7E1DBD80B79F95944353F846FFD6D882A3AE1B5A315EE39FBE0BB631FE4D56710A2EF804C3BF889583DDAE1AB1A2AF655F5D907D70FFC83AC96BE57DBCF826B6F33B9AE9785E87F3EE9C1B5C491B64F205EA6EF174817536706A9BBA8237A596D6B3FFBE4E9FD99A4FB57B6333A29266E9E60A2FA11265277336A340B31F4B12043EFAC5FF4AA106F39FDFBC0C213D10145675A2595973E96AA3B21AD1B8497FA3A82EB4611A2BD0B91B20BE19A76846AFBE1B3E71EBC77DE429C55209CCC5DE9BD4188777E0AC9CE11B86CA841828F3FA26D8D906AB31C59964B91BE6A09225799C3CF250CDEAB9508287C0F9EFBC710B17B14E1D55D0F24E5FD5A996ED455A6E9FC6D90A6830512F9B39DE75CC0239CE3AFC41377750302E101351D2CACE63D3678E7F14CD245DA71165037CC440DB75820912CD3F431B9BA5FF81049C32F43BA68F361B380DC33DAC0D2CB0FA48A9BA0F7FE8ADA0104EA6F425C3B067FC520C26ABB41518290DA51D00923CA3E10118BFE078273F74156FF1C01CA93F0728B44B28511725D96A2C2DB15955E4E507A3A40EBE348B047959B0572AC97609DD1DBF097C520B2EC0CA4B5E308D60D22BCB61F1255DFA05FED582A7DFF9BFCFC7E0E82B4242D068AF05A92191D114F4AC147148D2C26AFEB67EE9537D9D1CE073349176B86E99F7B5990AE8DC9F5ED2CA2EE360BD65227686FB10043CFF7BE642E906D3D6E2FD9D1BA2FA8ECD2E7122292DEFB1E0275FD88AD1B818FFA1602EA495A0C9DF0AB9F40049123760F45C68A778488F6DBF700019BEA1065B61055D6C6A8F635468197078A5C8D51EC6985623F57E4FBBA63AB9733723C6C50E863898A000BEC30B182DCDC0EE2AC3278D75E8547C36D84368C43ACE841B0BAFF6988BAA798CE633161D636BC0C38E91C7C3F50D32580732A90AE9F60E5A75ED0F4A09A2E165ADBCB827524FEDA0E9215FA10FD6D9296DB8CF474C687BF2CE45B8F1A07E59F6BA2C8FE5CACEE9E95EC2970D223354308A27D51631782B414E54D63F088D9818D262658E76A0ABF0DA4D5054D485AF60E8A6CCD502611A1D8DD0EE5014EC8F7B743918F03CA3DEC51ED660F85BB03AAE87589BF0D760458A3CCDB05B5BED6885BF226022429902BDBE0ABED46487D3F82B5BDC239C8D5DD1F84AABA0B68FF2F8459DBF443E011CEA3FDAF114F324AD11EA4E5F9A29779E84759D6FE8199A48B75A4E1F58344387D08498A885EFB6B6988D40FB320FDD0F7BEE4C720DD72ECDF82B6EECF16975D7C2C56767E8FE0D920AE1B00753CA2EA07E1A7E94550DD30C229217AAE5805BD9F33D26C4CE1B85E85101B0FD4F8D8A2C4C70F05AE76C8F1B547BE8B392ADC3C50E6E98E229298022F3B147ADBA384A4A6C4C51185F6F6C80B3441B6A3155AFC45A8305D0EB9AD1B42AADF839C468EBCE6D28C730955768DC9B5BDF1B4FF5BC2AC6D9C0DD349E7D1CD21A59CC8E1A3EA66E92F922EA2280FD40D323FE51059A9311648FFE043112FA9A388D5BE3CE9B26D875DE579672F492AAFCF68C84F817209FC48D3C91E12F91394281F431296864CA3B7883C2BC4987B21C5D5091B1C96619B9F0B6A5CDD51E2BD026A1F33E4F87BA2C8D31CA5DE3628E31DE2652D480DDFF2F78A7DEC50E9E98512929BED5E16280870C6265B53C4DB392334AB111EFBBF9EF59C22AB3B4FD2D684306B5BA72390EB3891CDC1F779D00692EDE6B6947328D1DC60EB0FBD202F53FF3CA5491C3C214CEDFF14449B4FFFF7804D07D225C5E73F90FD8494CC06B972806CE030C464F3C20C14F9EA0104185B60BB3D69366972D882B7B0D98948F47343A1A71D916A47843A085B21A2BD28B27F04955ED4296EFC386F1491F4D47AD3FF599B4262ED82B03C35247B9E0AFAEE4FE712D03206194FE2AA4E929E9E877245670A9DE36F08B3B6FDA7C039F5A10ED8B86BF417243DF3D0DBB26D279A83ABAECE4AE8CB40AE1E440079F2C0DA1EF2D70390965E827C9511F29C2C51E06B814C7B4A865E8E242B4E028915A4D71C53E4BF48F28B28F2B044A50F7598B73B36795AA25864891A5F076CB67341BC4320A4997B10DBDC4BB9A50F52FDB0B095EBBA88FC6E8829E946557534D279FE9E303B073F825F9C7469FE29F3E0FCB3176555D76625F36521D30C928E772380FCBACC300CE9D65D885E311FF92429853E24173CAA85C8B641A9A7AD4038978B22377AFD12A417928DE496B2D8DD16B90136D842A417F9DA40E9EE8422130B84380721AC7097605DA535C3C239C81B29C1D7B44142C5173F4722FE326D971166E5E287F08B921EB0E5A8AB7F416B9FACA6E37B24CE15C1BADB10EBDAE04F09545E7F07B28D6AC42E790D394E14D944589187B5004E743925C9324A96456E5602E9E5DE340266217A3AB8952C75B5428DB33954BE8E42B2DD4AFF5F1EE00055A003322D96C15DB216F29611505EA3DC721BC14D8370D75F47A86692740ED2F941DADA1266E56436FC62A487661DF092965D1A097A4977F2539011E9819A6B14E9C30869BC07D9261D2297BC8E0C5BD25E41527882B4A54449845327F0E8E628F7757A29D20B083CB9567B59A1CAC51A956E2E28F5F1441E494C9E88C8B75F082FF906C8768E234835007925495D5D1FFC1A3A11A61D9971AEE13537EF04AB7BBC687F566E5EC42F437AF65137697EEBC80F153AAF0281746D07C48641F2CEE390151F83DC7809D6989B6387BB3DCA456EE4C31DB1C3C301B9AEB6D8EE42AE84C8AEF075994CA62F90FC228ADDAD5120B223EB48A088AF7073238DF7422179FA322F8A74938590E6EDA29C328C38ED00442477FE2435117AAA19E8DC5E3C5F22FE4198B2CB97F667E7681A7E3EE9D947AD2505E76F49C9DAD1EB5F0C72DED05A92193D152A5A2AD1691BE4E084246323C1DEE590E3C872B0C4063B0BACB736C33A4B136C7524C921C28AA8409A8DE8E9A8F0B045BEC8095BFD28A9F291E249FEDE8D8A26FA7F9DA72BA4165694C06FC2477F1BB1BA0E04368C10E9B7114D459ABF6EF07BE7CB11A1B8792F58D3E348FBDFE7691A7E1EE9D9471748F2CF5D91FC021AFE22A454FEF38686EBC8A72B087B1E41E41384F855CBB1CE7C3992CD8D9160BC024966C602128C9621DDC208F9340A4A7D9D67257A3A2A4952CAC86EE6B9D843E5E54249D50ADBBC57A154E2807C3B53044A6310A219850F8DB220D5797230E4A6B4B741553AC4DAD949E788ACEE18A6ED8F26D757273DFBE83F4A724FEF915451369FE5CB7F0A41CA6104D190A5028C86F06DF8117C6BA961861ED24E9E177A2891F641AC1946A4FE1E029AC9A753328D9E6F83B5D62B116FB2026B6C2CA832B54692B919124D4D8451B0D6C2145B9DC836FA3B53D4736BC80B231B22DA56909D428AE8226F67418AF83EEF007E4C29F9749E13CAA8DACDA0CFF74F2842701D4FE844B0AE1BFE06D271D2723E091752FBE3321A53D97E83B63F68277F0EE99B24E5AFEEC3A5BB7AA9EAEC43808EE4831A15A66D43B8A693FCF91045F92304570F935B18222D6D434855273C5B06C8B69D270F2DC2DAC57F46AAB9114216BC83A8658B916245A49BADA2E837C17A5B4BACB158853C77D2784AAAA5044E6AA1BB959070CBBC9D4846C85692C72FF698493AEFA4123F276CB45A81A0740DA40D4302E952D2F1003D9D17457AA0BE9BFC7ACFAC6D9A8EB8B2B683B49DB5807A35D2B38FFA498ADFFF84F667FDC2978158710BA1B40DABE789A9132215254F8AA6100315239A2B828E0735F7C15B790511E491F96CA2948A9500F704042D3542AAF1626CB4354392C972442E5D88240B63A492B6F311B0DA7C15D69AADC0369290128A5C1ED545A4E1251E7682667394F2AAF5DBD73CA94E91CEF53D9DECA274DB7EFAFE310A882121B283A8400B26AB2826799168FB666DD38B882FBB9E43DBEFF89BC2DC49CF3EFABA6447EB0D89EA673A95E6710450548B144354EA53C5D7D84FF2D22974002FFB7D9B6E2070274557ED1D84E9EEC073DB3148A5EB11BB7039322DDFC53667AA48492E0A287237D89951E1B41071C6CB91626386D5162435D4196944FE16274AAE24275CE7B9BCF062E845D2B9D7E7D2224C8C11E96916CB212D3A0DBFE6BB24810308AB9D3409DC9F4BEB29A9EB06BEDF9E59408EE659584D9735ED7FC721C7DC49DF7AA260AE9357B321A4864A6AB260FE547088287AE49A6E21F2032971B9B4DC87ACEA1C82366A10EA9F8860136B44AE98870D8BDF421645782611C76583CFB994FABBA0C4DF8D64C514312B1709919E6A6B8E752433C9A6468415D84C2EA7D8C785F47AD24E16BA5264733D174827A7338DF402DA72D26565E7E1DBF2800263927499BEEF3BD279D4CFD6A6D91057DE768DB6336627E7443A45B9BDA4F8E247B43FEB17CC05224337C209D1DA1ED2707204F5242D348CA5597AF8F8C52361B119C256905E13D9F18BDF46E4AA15083331C11AF2E4C5241B9CBC0A928E02920D4E7E09919F614FC42F5B8078E3A5E468B8C61B0BE01A9F6167FE9DB3E105D46484CF247D2AC97277242F3E03D1AE0742B20F35D07919FA495E861068E0EE855BD8D9DB351B124BAEE5D37606A72F477AF6D1BF91E49D3928F9A52A4E7228DE0D2423CD2308565D47647219C2AC3C10B36011D62C5F4465B833C2C88DC42C5B8418D39548B0B1C55A47476C0D74839657A32403F9EE96821697531559401EBB9088DBEE668BC4E50B10BD72092557234AB2A682C6AFA6A85F6F6D825CF2F07C747092B9A311B45C48A4E4EFB9BED388D8409D24CB3900E9CEBB44F09030D125AEA3A4AA1DA6844AFB2F9148A723B2BAF3016DBFBB103217D27DC5A59767FDD05742C38708AF6843685C1E44368E102F9F873833229CEC5AAAF90A24DBCD43B4CD62C41AAD4424E9748AC932D4589A0B0EA4D093832294F6B91DE489904F78F1BFF18B1625BEAE94588D048D8F315E26687C32154F49E62BC9521A91DC98D3313CAA6792CEA7844BE97F375A1A4392D90479F3042414E9622DE59ABA61AA9227499751B4CFDAA61F4142C9B59DB49D03E9D9C7FE868AA053E2B9244FCD03C8492E422BC9EE3571177013719537E0B7FF2ED9C27E24256E44A8832722172E43DA4A23D251721EE440D26C8C91EB6289542B6381B4546B73245241B4C5C14220984F6AF1F996E985CE6C50FABB6393CD2AC4AD9C47C42F4102457902119F606682D52666D8E468853CB28C3CEA790716BA5AA2CAC70E5514FD3956CB1012BD01F10DFD70AD9D4088926CA261001E75F728DAC7A92D732F06C3945D1F47283A8D68FFA5497793945D118A95A90FF9298895571159FF007E54558AEADB115AD58BF0E60FE19C558F700757488C1D11666A454490EE5AAD448AE54A2AEB7919EF842A72240914D9B1AB96091E7C0D456A9EDB5FF57772B26B76B2A7B0C399480CF410926CB205E58325EF22961C0DEF44EEE7138C9690BB59891C57D2739E8CF9A8A111C33BB5C4CD02115E52C1A3BBD60E216C27D50A8A3E8454DF81988A34B1B67DD636FF14124BAE1EA0ED4B929E776E179FCC9A0BE9322A6AFCC9E7FA696E5264770A8B80BC1354085CB212E9266F638D8995A0B9ABAD9620DDC1484888355496179126AF335B8CB855149DA4E5AB29116EB0B322AF4DB6CFD35698C67D9909AD4919E212342937FC2A13279A5BCB294FCF936CE2AAA558439E9EE7023E89C69333F7F4D1A6AB1054748672CF5D04F26BA78DBCB6E84164CB10025ED12E93857C1EA2EA79E727490FDA726CBEA4F4B2E058E642BA5F239D9CB60BC164B5C42DA487AB55889EF72ED2ADFF421146C4DA9962A38329B693DF2EA7EA51457AAAF076C156672B44992CA0B27E322A132801F21120143814855CBB053267217A3AF875D01D1ED459642F2B7C9C51E9E72A8C9634AA3663562E103E974F2324D1288A335A2654B87C028D4B0E273FC791AA529F08C4ED7C000FC51882EA49521A6E20A89C0AB906929859DAFC32482EBCAAFB69D2734EA64F4D68CD8574290DC1D086092A78EE530F9F47B889053296BE8E6417D268530B6C703615AA3FB5BF87B03CA28486791159B92C573B445144F2285C4B119E60BC52984BE1E57B31E9EE24E9B3133D1D055E3614B58EC2DC3AB798657C6986BFABE0C3331C4D1045AE884F9EF191C43B9783BF4E315B8E1CB2920A0F4BAC259BEAB9AE12D2E35F501D3182C0AA6B08D051409164CED6E697414C45FB3D22FDB73F4ABAB8F8FDB6A97F980BE921AA2B88AA1D8737BFEA139547450AB908274B442E36C12667235406BA081158E6FEED9CB8BF23B68B9CB0D1DE12B1F3160AD2C32391939E4B9D5249FEBA4CB84AC41D0AB77BB3933D85C939175BE14A52A597A3E0CBB9ADE4055079909B30A2B893E1E447AF5C2AE48E345B8A7CD2F9C4558BB1C5C614D94EC610AF5C89D06DCD90B53C8658338AF07D640A7EE6758394A2CBF13F487AF096FD8B2515D7BE9A3A782EA4FBD77722B2B817117B06E0E6294732111967678D34078A54A755A8267D2EA008E4841650A5584451B983DEDB646F811463F2D5DF46209F39CCA78EA9206DAE10122995F244FC6C444F47219FF0FA5686A6B693DE9C4F70D9A2D29F2A5A7ACD2F70F3088F5AB144D0FA3536E6584D1A1F6F4ED266B31CD92B9721688525C49B55886C1C4080B207D186B9F9F417B1BAF4EAB91F245DBEFD48EAF45E9D532225C7E25CF704C1CACB88207948375A408D31C75AEEB5492ACA3DC802F26B93BE6EA4BB7650BA58414B846E713287D468E177439E939EEB6A8F0AD2FC4A228F6BF4CBCC97F3B995328A704EF47717B1BF259D7F46B9A725ED53754B5ABFCDC34928A0A229A9F26D2AD9CB48730B649B1923C2C60AD1BC13A832F64B2C849B660C618D2FCFC36C88ACE9FC8048FF87594997159D3B45FAF3DDC173215DAC27D742DE56423E5D6242C58EAD39E9255934076361B91BD7739E102B7C89480F7314B89AA19212185F56B1DA88CA781AFA2994E4522D4D9146E05787F88A2C3E65CB4704275EA82029F17172CBA92385492C4FD27E723A9C5C616691B6BCECE7E417B859D208A0C4ED43B2E34DA413949E0128762379A3C41B4B4447AE9C8F4DCB972181126B0CE59E284AFAFC3CB62D7B1B49FFF907F89ABB405C5C2F4C0B4CE7662EE0FF179FFF7EE4F7480FDC72E2EF65E5171FBE2AE9B25AFAF0BADB10975F859C129260D3A8E029F09CACFE38E19C145E94FCB59A246288BC745B2AC317BC4E3E7D89403A4FAA42D2335E21B88C344B2AE9C9D7F30E1026B18878AED79C60E173E873B986F37DFE1EFF1B7F8F4F1770F0082FF2E6B38FB6C8777343951FB795B6C876B5857CD97C881D6588B27A47A815625698406C660189A73724F214F8AD31204437F2CA8473F0FF8DDD7171DF6CA42F9456B7CDF8F03991AE1F4460D330C485C711B67205D6904CAC73A4E80A207D26EBC6C9E79EB89C92295F835840C9945FA1DF44AE66A3C32AECCD48441E152DDCDE4591B7E6653C4F7649D409A99460532C5709094FF0D82E543011C142C54AAEA39C8F9E6FA7703938E15CD77972E512235CC4A0F29F774836FDBDD28BFE87E4A63AD01E6B1DAC20DB7E1C1E359D9095DD44584907022ADBE0D74C917DE001248D2499F59FFC6CD2C34AAF8E7C8FF4A0BC73E1124DF72B931EA4EA47D0AE314A405A442E5B8E0C53636450C30BFCED51E9F4D746E751D152E8E10C85C49FA27739D6DA2C416BC97AF4E877A047578833F9E9280BF6269BB994AACAF98822A79160B64AE8000134F4F9BC79A6AD19B6BB5AA190AC62015FB145DFC5AB575EC5F2E8E6A36B0775049F8317A679A926A822592A92D368705D85324FBE9E9D728EE962B8155E80BCE519820C143475640AEA7AE057CB9706F640AAB886E0CAF7BFD7DEB980731AA4ECFC8248FFDD4CD28B2EAAA60E983A786EA40F20780F1511F119885EBC0CDBAD2D84859E793E36505062E491C9A58197FDC53E6EC2746A0E45FFA5F24CB46BB7E36A691A611DDA159BD0A5CDC3A5D2CDA84B0CC1064733842D7E8B2A5623E1BA68B2B999602BF9FCCC5A92307EB5885FA6E3D73A8524CAAF8F12F9BC130A285117F2EFF373A7687745B5B3198A02CC906F6744E7100895C8119926EFC237EF00A21B4721D2B70B5318120399899A5EC8D443826C86B4CC7DC26B3A38A7944851ACBA1930837471D995F353074C1D3C2779A128096BEC87CC4F84B8E54B51E4481118E08A7C2F6B54936EF3449ACF131D91936C341FC5FE0EE854E5E17AF5669C2B4C455B453A6ED664A2AD6A23DE2F4AC5F5CA0C74EBF289FC2CEC5917852C272B61AA2062C9026135C03A5B2B618E66EA8A11F7FEC23552229E57B27C0A816B7C2E49D17ACA0B053EBED05042AD0C20E9A19C90EBEE4BDAEE42FF3F1FB2FC3D101986E0CD23BBBE1FE19A7E84D2C895D17B223ECDABFCF16BC3D3399B0DD3482F9D497AC5F5A1A903A60E9E0BE921F523A0448C10D262EE3E4A2849F139103EFCB93FCE27979161634C8E66210E6C8C41AF61072E95AD47876A0B6ED46CC6C4FE1ADC39A0C4F8BE2A0C3615A05DB50997CB37E01A8D840EC516DA6661FF86686145165FE318B2E8DD6F6725CD8484CDE7CEF964D6A44D9C9CB3E1A4E7385920CD98CFC12CC77AD377A848B2A1D1E7214CE9F28E0976714418494868C30095FEE4BE6A8721530D0A2B01FC5BEEC0B3E10E82F4F7666DF3145E96F44275F78999A457B73F9D3A60EAE0B9902EAF1B845FF621842E7D1B19D43021B1918E720236BB5A209908AA90FAE07A550E6E3797A14BB795A42413DD9A6D7870A006F78E37087870A2160F8EE9F1E0881AE37B2A49EB7385A8BF569A4A23619310FD670BB350111688448B9588325A84545B53723ACB262F5A9073E1F9E3BB2B44BC3AF5734382B5292296FF89E4C90629D694447DCD916BB71C7E81A1A4E3F710A3EA86BFE6267CA92DC15AF2D614E112FD0D2A8EDA10A1FE6152395F2F4B7ABEAEB76F26E9359D9F4F1D3075F074D2C3B5E310D7DC86BCA103818DD7849550923A7ED354A73014031BEF22CC2B0EEB96BF49C9CB9434D58B6CA227C9881DF29C97A2757B2A4677AB7060730AB6FB3B62ABAF254E90ACDC3FDF88E1537A3C27B2EF1E54E1C199060C1E54E0FE1903EE9F5063749F021FB6EEC6F3E32A742A37E1405614EAD242A14A0A456E883F642B1741B27C1192ECA8B2B430C35AF2DE05EE9434C91696924BE1952A5FB3981F688714A39524274BB1C67C09D699D8515E79073ED94A84681E7DD7CE5F0353A46F37DC7A34837489AAEBEBA903A60E9E4E3A5FE5C4D719CAF87D3A0DB7E1A31B10F64375DD1035DD4348D11104AEB2C766F3056413ED9143892B66F122721E0B715DB10D47729330EF5FFE3B7D23C36B6FBC8E38D2FB4B3539186FAEC6F323BB30BABF02F78EE970E788168F4FD6E3EE612D9EB5EEC2D3CB877144910B77F2F76FFCE73FC16CF16B0872304232F9ECE2287FECDA1887E22057C816BE81182AB2D2ADADB19EB43EDBCE984AFF49EF9E4F236F9BAF3DB49E8EC2050EE1CAD20A5348ED4C28795E137CF8543B7F0D4C91BEB57EE09399A46B26E7177E88745F4337C48DFCE2F228822A4710544BC9A6EE2602AB6F2070F75DC8A411085EB48024C50619449074D17C842F590CD1A2BF608DBB157EFB1B06AB77FF08D5DA60DCDA55868F2FEEC593D63D68D31510E16A3C3C67C0BD137ADC39A4C3FDBD1A3C395A8FF6BA32F818BD89DFFD2D43AC9D054E5714E0EE89163C3DDB84474755E8D56691E4A4A15B918686D47041EB7961954216935F29E2F71D71CFAE20FDE62EAAC1CB05EB28C9F239F59025A6084CCE14AED9728732D5CE5F0353A46F6EBAFDD54CD2BF25F88748F76F200B65A0E241370E51255F9FD20DBFFA5E04370E2370FB5E61FE64838D29B26C2D212687E1FDCE3B902CA0EDDB6FC07DFEEBD828F54687260763DA4CF42B36E2FEB126DC3EDE8C1B861CF4A856E3FEE93A8C1FD6E0EE11033E3AB313F70F69D16E28C0CEBC7538D35483E7970EE1D1E9163C3CD1208C848FCFEDC607A77662B051814E7531DE2FCEC09E8DF190CCFB33E24CA992A504CBE7CB15220F14B95890CE9BA0D4D115B9523764AF7A1741663E143457E1A7256934CC24E997C614E9992DC3DFCC247DDA0153FBD349E7376285AB7B10A0E845F82EF2B4EAAB7036DC46DC2E8A7A2731128DE70B564E3A6F11BCDE990FEF450BE1FB97B7205FB81061E62BF0FE8EB5823D3C5FB91197B4DB30784085676777E2C94103CE6426628CA2FDC1C9068C90AC0C1F5292D46828A2EBF1E46C0BEE9DDE89E7E755F8E6460B6E1F28C6A98AB538569E8EE3E46A3AF769B135CC1787B2A2D1DF5C0175821411AB1608C4F32B47DC4AF269E2224F135479FA204764872A275344BB8641D43C46C4DF116E71996AE7AF8129D2A93822AAE7407A00C98F709F27E9B864678FB0324B4E65BFF7EA12242E219DA4F23C60FE42F8BFBB0CBEF3E6C365DEDB085CB814C1D4099E6FFD014D0912F450E1D356B01A43BA0C3C3B5C45165141D1DB84A33BC83A2A73F1E8642311DC88BB67C8BD9CD2E2CED11ADC3F4EB243A3A2307535EC49AE4CA813ED2D2DF1CFFFF31FE1E9EA04E3E50B6141B2F2F4641D7AEA0BD1D354824DA4F771A6CB906E678574921B5E1FE4929BE17751E7789387F770C16A275F78AAA97DB50F1045AE65AA9DBF067E98745DDF8F26520939147EE136A4BE0F3E9A4EC8EA8710BFE300DC979B209D1A285B3C0FDE4B9642B46011FCDEFA33BC57BC0BAF054BE0F1873F43BEF25D9CDF168DFB2D85B89CBF06438D5540E77B18A3C8BE7FAA06D7947138999F82E7EFEDC60449CCC393E4648EA870E7441D3A76A9901D1184BD3B9B909D9D8DD75E7F0BC9496BF1E7FFF5EFC0A7CF31717417060C65F8A0956B7D3DD94E15BA1B8A106FBA04E18B1760AD951932EC2C51E4ED8E0A4F0B4AACD401AE8E88727086AFBA0B7E6AB288FC96F5A976FE0A98223DAB65F805D2B5BD3F6A19C3F4A3423295686E08565152378A40DF68AC5FFE0EE22C56083AEE48D1EDFFEE1B902FFA235C97FC09AE14E941F397C167FE1F91E46385057FFA57FCDBBFFD2F982D9B8FFC587FF4D6E5E3A3532D68D755E3605E2C79741D1E1E251C206939D680E1A34DD8AF2CC6F3C777F1F567CFC105716B5109965AD9A2776808A3B7DA706167192628094F1CD163F49082F242253EBDB80BADC59B11B2E05DA4595B600D115FE1EE2454C8FCB21CBF0C18EEE58720432F05D165B8D57DFF4E8B5F1253A46F6E1AFA7A26E99A9E1F2F8E3494746AC788FCDB08A46129AFED4300D9C26CF3D721596C0BEF85F3E1B3E00D782D7E1D9ECBE7C175DE62F8BCB108D2F9F3A18897C0D2E835B43428515A5905796412DE7E730962C4628CB51E419BA10887B625E0F1E90621D2EF5171F490E482DBC747A7EA27DFEFBA808F1FDDA2537D2CE0A3D11B1839BF0F43C70C1827D73371528F47473442077C4549F76C7E167CDF7E0D9BADED106FBC8AA2DB13151EA6E4646CB079B933647105083C300269CD107C9A7EF99B1CA6638AF46DF5035FCC245DDD7D7BEA80A983A7931E59770BAEFCF92B7A9219453FFC768DC33F6A1D62DFF993707D53F2C61FE03FFF6DF810D981EF2C43D0BC05F05DFA67A4382FC299ADD1B852948DF1D387806F3E4156D17694AA2B804F1EE3C3F38731AE2EC0BECD3142357A97229D933EB5FFDDF64003C609B70FD663F8403DC6F7D792B5D4E1C97E2D3E3AA4C7D821353E385647097603943162A45819434C232A66E102AC21BBB9C9DE049B831C60A06AD5DBC44AB8A61BA624B954B70B6B16A7DAF96B608AF45C7DDF8733495775FDE8845758ED10C94B176274BD902A6EC16BCF5D84949F82C4D29D86F1EFE1BA7425D9B57710FCCE1F046FEE4511EEFBE7375046D5E7806E3D7A2BB271A1300323277753A0DEC617E3DDE8252FCE13E54D7235A78BD6E2C9994621C239E9D3C9E7DB8F8ED4E129D9C987476AF1F858239E1D6FC4D3E37578744C4BF6538587F4DEA3C38D08355E00F9927988E2CBA89DADB1C5C51E693646C8B332818A5C8CDFE2E5909637C0A7A56BF2AE10FD1062D4FF35A41768BAC76792AEEE524E1D3075F074D2FDA9020DE3EBFAB4E45CC82A726FCB9F5221CF6E86BF1915436FBE4989F32DB85174B9CEA7F2FAED7710B278219AD6C4E17A790E2E94AF457F63213E39DD8C8764F36ED797931F6FC693F3CD385A9A8A4B8ACDDF3A9549C2B9CCF02D0797993BC7D4983841F2413272E704D7702D468FA8719BDE1B3C43C997FCFB608B0A7196ABB0D6C95EA83AF992BD0AD271BE2C8F4F29872D272DDFDC8CA09641F8E96F40D448DB7A2AECA84D53EDFC3530457A89B2F3EA4CD2757DE153074C1D3C9D74FE6890108A727FCD00E4FC59299AEBF0D20E42D6F210E15B1A1062610E8F37DF42C05B8B2099BF1C1EF317C067D53CECDE1E4F15E37ADCD4E5E0CE61A5902CC78F28F1E45C23EE13A1637BABB17B5D087A1A8B057239E95CC77907F02D7F2DE004275E2B1450770E6928AA6B8564CB47C65D723B8FCF36E05CC556042F7C0729D6E6C23AF55C27732A8E9C5064B70AA265FF0159D901C89A9F22A4F21662A9B296AA2880C82E8A4832A7DAF96B608AF48AAAF6A699A4EB6FAD9A3A60EAE0E9A4F33966DF867E04D48E2344D18388C636785335E7AF7D0A29E97B98FE023C7D13207A7B31A4AFFD2782DEFA131256CEC7C9EC485CAD8A44872E97BC772DC64EE9317E76723B72B0860AA66C9CDA942010CC31A5E1C3FB14DF498B905479D473F2A9331E907673C23F38429D73803A71AF0A8F5AEBB17FC73A84525E596B6389746B23F01B01F84571A5BFA7703397774C3EBC5BEE23B2F63EE5A59B5465F7219C6453A2FEAFF1E93565D7D6BE48FAEF24BADE673F48BABA173E8DF437B28AFC8ABFACB187BCFA30FCAB86E0C5E72E9A2720AAEB8274C76E0479C790A33142AACD2A1CDE96821B8A1C74B79452C549A53E253C1EA98F8F51745239DFBC2E18172A360A0E85473727FC564B19AE6B7230CAE7D7E9784E3C277DE2A4813ACB80113E5ABE959F07C7A9A3C8EF7FF4FE2EE485792169D932249A1809CBF878352AA1C26993BB37D45EDE58BBC818EE49F990360C5094DF44E09E51F8A806049330D5CE5F039C53B1A203B5F9EF2F7F9174F2EA3DE77F8874BE469157A3FCC9439C6C6E1BF91D15A1861E416A24E400C295B711AE1B857F235FE9D58D90EDB5A8DBB60DC3056BC99317E0D151C324D9C748360E7299204DDE538E23393118D95F2310CCA37A707725DAF57942A4F3D77CFBE420D9474166B8A6F3044B4995E70092A4F10314E954CD6E0A7041F2A265C225BDED011EC2BC7EB48F3BC2EC3C90EEB80CD51E26C22A035121C9A1FE09A20BA98DBB7A847BA1A6DAF96B80731A5D78F9D9F72E4CD31F39327E88F49F4298A607A2DA0104E8C6C9825D80ACEE31BC3583D8B93E029D15C9E8D0E750C9AF43EF3925264EA9F1E0B001778E37E343721D2347CB29BA8B29D227E583E3E129D2FC13D439E470EE927399384E914E7FE7D6F01EB99627949079473D3943BA4E91FF685F1D622DC8B558AFC206A355A8F2B7136E71176D5622A8EC0AE48B4D10E7B018C536CE88B05A8C10C30DC8B54FE0DE740361EA97BFA7E855C0394DD9DA7AED8748B77F55D2655A1AAE949CF82D2332F5F549E9A14ED8B6BD02D773C2D1ADCEC5C4AE2A7C4C95E35392061EF523FB74446C231E1CA228265772F728490F95FF3CD9F209AFF1C3D5A4E34AEA80C924CA25E63E45FD288D123E1BC9A7786F916C7D78BE053735C508A77A814F746D73B046A9C8011BCDCCE1B74181B0DDA4E301F188349E8FCD36D648B6334650BA8AECE23D929A6E8835B3B7E99702E73463C3C9E21F22FD1FA4FA5BFD5307CF85747E677190FE0E22B5D401A493E23ABED4F81682AAAFE2C8C6285C2DCBC4D03E22FD50ED64C94E243FA548EE2572274E3461E2401D1E9FD885BB87A8F8D94DD27390F49D88E5048F1FD691CCD40A92327690A48412EEC4A1C9C4FA90F69FB63661EFA624042E5F8574531314F2D5BABE16D84CFB41D9BB20DEFF1159C546442E5B8A24CB15C870B081CC3B5878CC4924D945FE4C82D9DAF44B21A6AAFDEBE298BD2B7E88747E53007F549E70F09C4827DF2ED58E085E9E2F33F6AFEF129E20EAAE1F45C9D65C5C2B5C878B8A0DB8470E6680F47794E4E5D3C32A7C748EA2BCB5168FCE37E121D9BEC74420F7EECF2EEEC2C3F75A304ED6F22E25C91B94580728C1F2E43B453C97212E378FA9A8DAEAED02D98A95D86A63855C4F27547B2D43BA15453A490B7FD420EFFC681373C4982CC0164707AC268713A0EB4684B21B81E4D7676BD32F85B53BDE1F22F7F2C34BA58974D7A983E742BA98C80D56F3FBFCDB21D70FC39BDF46A2EC172695621427B16F632C3A8AD330B8AB98A2760F1E1F68C4B83213C78356E16084150EC718636FD8329C8C37C7F1584B1C8BB3C5956C293A8B1270A3281147B625E0BDF28DB84BD2C4A39E275D5EC17E707E378EE6A5227CC13C245B2D458EA31DB6B93942ED3C0F319E3E7025B9E3B650A4A2A44F1A9F68B400392E4EC2ED378115971056C79FBEF1F3D6B5FC14B2379F54FD14E9FCC6D373FCE0B9902ED753754ABAEE6DE880ACB60F7E8609C8ABFB11ABBD0A9FA6616CCCD98EE3B9EBD159BD1E77761161ADFBD1D79C03ADE51FB0EEF70CDB5F63287EEB6F51F697BF43EE7F3014BCF67F63D3EFFF1EA1BF6588FADD6F7060730C9E507473C7F20169F9C87E8540FCD8010D14D1FE885DB21CEB6CE66387BB3BAA247EC8367E0BFED159F0DAF908B134E2A495D721355A8254E3A5C252EC484B3304165E4018D5187EEA5FE6B6CDD99050D2F6B922BE79E94F91CEB7FC51A873225DAA231DA788F1D7F27B306F0AD1CEEF3EE6CF4EF1691846444B0FE24223D0BA2502ED551B307CB605775AF5F8F8582576C77942F6AF7F03E9BF3044FFC7DF21EADFFF0F48FFF937F0FE1F0C29266FE272F516F2F1BC4AD563E230F7F96A21E23F796F0F5A8B33916CB910A996165867BD04A51E7EC20A84485B3B78159C85B489248FA259B6752FC297BC292CCDDBEE6C09896B00A4CA7621E1F30545B3B5E9974066F6F92B9CD397219D3F7BB67F4EF2A2ED1416904A54E4E76B3B858931AFBA41C80D43C23373FDEBBE822C722334BE26E8AE48C135D5763C3B4816F1541D1E9DD98F3D710108FFF33F20F09F18E4FFF6DF90B2F89F71724B381E9FA202A89517552A4156B8C379705C2B44FB15453674714148325D204C706D72B347A9B31FA297FF2BA222D321DDFB05C4151721DD731FA2E452A42CF90B12EDAC906DB51C72692A2277DD866F25E5A0C65FC732465577A030F558ECCB92CE913317D2C3F9B35C48BF7D9BFAA803FA21ABE4B7788F434C91164E1125313C44F0FA12B8BDF59FD026FBA2A3741D86CB4B840B158F8F97E3E3130D186A28C4A9DC785C285F8387E4E97932BD4D3671E8681D45790B86C94E8E9FA8C2A7678EE346E5462AAAC4389C9B8560D3BF60BDB92D92AC5D913AEF5F20F68D846B5D0FD50B3729921F40A6BB81700F19E2972C46BAB331E4D6C648CA3F083FDD5384A9462069FC75A601D2B75FE8DF1D50F7B773217D31912E2CB57B19046828C2EB8720564E3ECF2574F72DC42A3B1152D20EF79611F8EE7A08797C26A47F791B892B966377462C5AABD371892ACF27BB0C183F4E5692F0E81CB917722C5C4626C8A54C56B0B5B84F96F2E1B93A7C78A101ED25DBB06FAD1C5D3B73D0AE2840FADBF3843BAFE316FD11714E810822AD4E6C7C048F863661D44554F509CF194877B241C6FC3FD088CB846FFD2842D5D4294D93B7B8CCD6A69F8388EA4EE4A51FDD48FB02A72F4B3A7F0AC666DACEFAA12F22884E3E94A425B8963FE5E216445554F1D55182DD3D0C69753B429A9F41E61E078F3FBD0EEF050B90646F84F7B62752B5BA1EEFE9D76398137BA605F74F35531144917D8C64E7046D49BBF9FAC6C754957E44B6F274C11AEC4F0FC3F8CE2A3C3FBF1307B6C421F0B5451099BC8D24F926489437E1B57B1C32058D34C538821AC887A755208A3C7ADAD27F438C9B18A135BDC2939564755D946FBA844759CDD6A69F83F539E7FB9A25DAFF8BF6E74C3A7FA8C015C2AC1F3C1DBE349CF98372426AC8F3D6DF86DF4E8A2072337CFA34843435385F0BE9027304BFF52EFCDF7E0D9E6FFC23367B5BE3564D115A156B70BD3A0B63BBAB84E981313E734805D1F83102AF4EB9A61F51E3DCF6041CDA148FDE0385C2719FEC6F426BDD16B8054742547E1E61BA7BF06BBC253C778B477170E3283CF8E27EAB0072374B11626E0ADFAA5684B43C4158D575F8B58CC257DB2B04C76C6D7A55C495DDF86647DAE144DAFF8ED3B990CEB7D184593F7C3AF88DBB01F52310F1358F4A7233FC9929F5E40EF8A34674D478374F78CC7F0D8E2BDE81FF8A55087DF72F087EF7DFC9B984E2624926AE57A491546C14168D7EF8ED15A447A71B8444DBB5B30487B6C7E1DCB678613DE4E8198550207D7664174E5466217BBB8AAABE5EF854B442A4382FCC868652D123AAEB8474BD0E31F3DF40A4BD03BC8B2EC177CFA8E05A844745D5F509779070E7355B9B5E15199B5B2FD07606A773259DFBF65AC2AC5F3085506D1F42EBBA216E21A951D3D055DE87FC00E978D541C81DE410FDF95F10B474191C172C84E71FFF27BCCD2DE09ED584E4823D389E1D85CB8A4C5CAAD880EB359B304009F5DEBE6A8CB554A0AD3C0BC7B3E2D05A908A5B0DF97876B249B8F871F7B80E4F498E2E646CC2F9602D7A130D688FAF4367EC31D4463412B17DF06EEE80DCD90132733784E53522E0C033F8ABE8DC541DC2E365A506320A862E049314CDD6A657415AE1850FAA23F798D3FE0C4EE74A3A077F9C750F61D62F12C06584272D255F90D92BF8E3E08DBB20317383CFDBFF8488D71642FCA77F4288A315BC56E72396B43FBCE12945DB20424AF76177523C2E176CC5B5926CB46E4FC179D2FB6319E138BA31023788F87B075478C02F8090757C74A409F74EAB3172AC0A3737540109C7F1896E101F37B6E233DD693C4F3260CBB6A308DCAC879F341892CA3148F63D4288E62A8D84D1C9B5F4DA6B544FDC818FA60BA1FC616EB3B5698E88A9E8407EC6FE12DAFF8E438E57259DE3C765A67618BEBA317819061190D702A9BB1FC4AFFF2744EFBE053FB27341A2047816EC84BF7A1491754F851F19E1B79A04AADB519272088782D7E274C2069C5E938223699CEC30B416AE46BB6E0B06779709B38B63876B28D9EA307CB005A3A7AA4982AA703AA6048F379E002A7BF045C95E407193308853094A84E75E80A8E939C21AAFC29B9C54A88E3FA88DE44E43AE4AD78F207AEDAF1E87A4F9CAEC6D9A2332B3CFBDAF0FD82D24CFE97865D283B4BDBFA1D785B42F7C011D37E30B5D9BEE21B8A10F113B9A218A48839F241EA1EB2A1151761E62451FFC774F08CF4797AAEF41D4D8037FDD4D44686FA122A11AF7331AF16CDD3E20F238BE883C87531119E8AEDA4C5E3C93B4BB140FC8CB0F1FD451115585F1034ADC39B65B28981EEE37E042643E3ECF3C8DAFD457F165D9FB40F9157C5DDB06EC684563A8828A322A8E48BFF93C907B13D513AAC9A79D3A3752D146B5859C5E8B6BFB845F9FE16D92EAA83DFCE97404BECFDF13BFD0D6D9909ED33AD11C5AB788F6BFE36C0AAF4CFAB7E00F7CE44FECF9DE974A55A48D34C483EBC6A8017769E8F255602390D653236BA9EA2327135B3D213CD6555E7D03B28631A4A7EEC4F0D6C300398DAF72CF0289A7F171D4191C8BCA405B5526DA149BC83E52A71C6F1670F768D9E4F4EEE1268C9D50E3E1DE5A5C8A28C03719EFE3EBEA4B80F20640AEE46BE5157CA5B8883B9B4FA32CFD1059D80E22B61B817B0628F28940B28CFC4A179F0290EA7BE0A1BB4211DF0D0A2C81687E133287ECDB0BD6FC6AD98BED9D8E941D573FA948381249FB2FF225E095499FF63E7FC4E959C28C2F4EA4611BA6A2CA8E4F031886114484F31F840AD052322317C1B7FC998762FD6504EC225DADB88AE3D10A7C557285A4A103A8B80EA49CC5A3E8A3389AB01157AA36A05DBD857CBB0A13C71A85A5D5778E54E0D1298330FF3E7E92FC7B830AD7428B80544EF8557C5579155FA8DA29DA2FE34B0D7DAEB20B5D917B109FB79F12683FA295646549FEF8ED972114FD220A9208B2B8517CEA775A5B38F162FEBB1CD409C4C18F929E507AEDEB82F4833B68FF3BAE5EC42B93CEF7A740AFF9F3C3F9A3F0BEFB721FAAF0FC6BA920E12B60556DE410A838A20415A8A786EAA95869B8037FD270EE18BC9AC7919750830FB61FC457DA2122FC1C507C9522FD182622F6E2445A96407A9736976CA306A387EB70F750031E9363193F44BA7EB681508FDB9A0ADC882C06D2A9D314D7706FFD7E7C58736DF2B32A2FE35322FE33D2F5A6383515491388E48F71A5C0F031749075E417DA8954051572BABB33E492133D85E96D7C11B1A59791B3F1BC9EF6BFE36936BC32E9FC574DA6BF26F079F70E7E623C22FC34343C491B650D342CA922951BF86AD8490F2CE26576254577D515881B1E6143D6390C26E8F0999AB457D58BCF94A7809CF7F04DEC01DC0E6DC4B9CC6C5CAD4A47AF3A174F4EF3EBA27A41D79F1CAFC3E8FE2ADC3D6910881FD496E362C866604B3740E45E9255E01997198A7414BF8F8F6AE8336BDB7167ED2EC4AFDF4BDA7C85A29AF20E11CFEF190D26F2B965F424ABCBDB3015D9BC03F88D6B1C7C7F36F213CB0F615372F9CE4671CBDFD1EBE9BC7C0FAF4CFA6CA0BFBBD2306CE3271B41C331946CA3F01B12BC03B4A4A13CEAA9512114517C5E86AF8F115577617FAC8148B948FADB876F4AC979545C00B2CE03310730409EFB4236277D2DFA5479787A52274C0BF0A516FC121E5F46C7577BDD3FDD885BBA22EC1345E0C9DAE340DA099C0E2AC2A70A8AF06AD2F8B2F784E8FF4C41C9953AA295BC7B84FA02243B271067788660CD3D4AEADFFE060749A31020DF122CA2F608BF8D41AF39A6B47D0A6BAB0EA3393765D71EEF3FBED44FF2BC32E9D3DF9F0E7ADF56A6BFD5EAAF7B4025F50445D018453BC949230D658A14FE04E9A0C63104EFEEA16D27366DA8476F6633BEA4C48BF24E7C5149515ED383AFD693C4C4EC47B7BC06ADDBB27055B10E7D9A7C3C3AA9C538113ECEC93E58479DC097DE69F0E8EC2E5C5364E1584214DAA2ABF149DC3E5C0BA9A6CFBA42A4BF87AF78C42BDAF0BC943A537B039F659CC1863575B0486B805FCEFBC21351F92D3CA18D838869181588E5C99393CC09E737410412A6122BB5554046CD816F5A0A326A1F87BCF6F7D379F831FC6CD2F97B53EFF35FB10A69B8CD421B87978536F4EE0C6DA013E4F3183A8A762E25F9A71098B50BA2343D1C235508F1DC867351F9F8B28A867F55173EAF3E876FAADAF12125C0CFD24EE19B987DE89056E06C6E26AEA8D6E396BE00F7C8A58CF0EBA2B47D747227EEEE27CB785889C7E776E34C490AFAAB727025A11443918DE8932B69D4F0C8A628276D7F5679918AA54EA08092AAEA12AEC84B91E5908804C718885D22E0244E854F6C259CD3F6C0ADF832FC159D08A61119DA3C2ADC4BC53B40B08D046A2FB62B9A3F3D549C5634C5C9CBE2074997A9C699BF6680F91ABA98A8AE8B919562A1FA0126D30F3291768085AB47997F1D697BC3351660E86311558F99BC7190056ED1B1A0741DF38BDCF67BDFB0CD85AE5E89F0748E84AFA90472B36048574A106C1C82601329B63AA5E04EE1692280AC5DD9257C534ED1482E0615D7F065E21920E2046E846CC2A5EA0DB85893897E920F5EF24F9CA0083F4E841FD363E4480D9E5112FDF854134E6C4A1496D4DDDAABC0519F0DB899A0A6A8EEC6C75CBAC8C57C4DD5F16745BC0328D1565E12F4BE21B414AAC86A54500794F8176087E7566C765C8F24EB24443AA722C03F1D1E9179F0C9AA85A4EA3C64753D10519E2AAD52DE3B5B101517A4BBCDC4F523CC4FDD29FCB6A9BC618479126FB2FA51E187A544F47E107FDFC07FA1918254D3CD64865E16A8EA65EB0FF6CE243D58DF27FC51C67F1895489568FBE91FBEEDA9FA7EE65D3BC8E4BA1EE6D3D4C1E4B514DDF5779974EB21E6BA32947958C6B168B338166916F39B28F3E8E834C7F8E1D5D6314871A4A8A2C88A754C408A6504CEC4AA006E11CBC8DA5593F66AAFE3AB1AB27A39242D09A7F149EC319C8FDB82F3156B71A58CE48534FDD1A93A9216D2F2A30DC24A5D2E33778F6AF1E4582DCE6E4FC11845FEE30BCD783F8BECE33A2DBEA9A64E2C21FBC9BF87E4058AEBF8B282F64BA9232AAFE17A6A0B54BE3B6088D2A0324289A2A86AE44754A09024AA24AC125541A52872CFC51AAB0C481C3621617501F43B32AF3EC8315D195CDBCF42746D2C487383896984071946995F55370BA7F7FD54C41F8D7C1AE9027F32C39080C968EF61FE8611B6614FD74CD245DA2B4CAEEF6461D43B61DA61DA1F61E463859F03E3BF52EBDB748B85AAE80BE90BC4DA21E6ABBFCCC4DE992C764918DB689FC2E26D12589C5D3C239259B24B8A49BC7D74738C433CA289F048225FE7BA011F9450C2E444D0F6CBB20BA4E7EF0BD1FEF9768AFEF0BD180F6BC689E46C5C5365A1B32C1DDD35DB843BA7EF1C25D229DA85B58B27C9C15055FAE0B00E97A9621DDE5789C7E71BD095A1C5D8D63D5468914FA7628B57A79305531BBEE1A3A96A72FFA3B2CB68169508E49685564311AD83264A0F9D4C05955C811A7A4F15A9802A5A89DDF169CF4FAEF6AF7EB46DD5FFEB1356CDC2F56D2CB0B98FA2B69B855074FB5180925B63318A1E2110C9ED5094775307905A684915F4438401E167D4DCEAEEB26DFBBB6792EEA9EB10B427443DC4E4EA419217928E3AFA02EA259996A446D7CBE4DA1B2C5A31C64276DE638EEB2A58C812094B7449659976B1B48D6749CEAB59BC6D0C8BB38E65F1F609BF4DB45B1D9D661BDD9762B31AEF47569193B88C8F896870AB6820ADADA6882499112426FD381E44B4E05464A65014DD109E8A918D3B27D5242BB5541C698435EB7CB1285FE9F5F46C23915F2DDCDC75E788066D0965F8B4FC2C15483482C8B97007F31955A51F9750225575E21BE5457C5D7E8146C275B4ADDF85B2805C5445544117A181C2A31835B21A5453DE298DA9863A3613C792C3AF0E6FB677544654B0EAD052961094CE3C1DD731E9C6E34CD634CEBC495AF9C80F56DE9CFCD964E28B131E40D222A188A78A9B7129F25793D5A6BFDB10AFB5E7C76692EEA5A57FA2E122D50F0BBFBAEBA76D27D23B859FEE0DD6DC66E11A929C26DAAF1C11868FA775244B310F6732CF54166126677136912CC99E22DD3286A53AA6B26C492E4B764D63B196D17FD9EE97B1F55ED1E187A0AA148A1B7852780EA793D4A8976CC7091ADACFF2C8C150F47F91749C92DD165CABDA8CD6D235C29330F86D8D7CEDE2E4923B9296230641DBEF73AF4EF8A875376E54EFC07B690A7CAC2262ABA83822923F29BD80F7636BD0E0BD19E7936BF1A8E818D953EA001A695FF1689715A2545E882A3AA622A21A5551355086E5E0707CEC70FB7AD17A8AEEFFD31052CD142115AC3CBC8A6D0F2D66A541052CCE3695F257390B54B73151E308232BCCBC75A4E36AFE9BAD93040B6A50CB7FCB75F20761436834B8D65C6797FA3F98497A30FD53A0F21645F66DE1171A030CED4C42D11FC293A97A9892682F0B681866C14D13CC294EC91216CA58AA4B228B724C66ABDD9258A8432C4B765FCB327D37B31DC1748231D52CD97635DB6015CF0E27AAD937CA1B8B6FADAB2B3D2ACB7B50ED9E810D56B1586D1181D596E1D8E6B6067BA9B21C88D8852B21F9B85291830B5491DE50664D3E33E0385F46AD2510D14728B229D27942E5DB870776E3C2A67C7C987B4C908FF14D477040528C3CBB246C744840B24D34565BC721D3351E07A24B31B27E373ECF6B452F154CBAA00214C98B5019B30DC712578F5E4997E43ECC31FE2745440D23996195D24A5621AB6665C10A561B6C6034329822AA886D24090D744B6581254759E01E4AA0B50F849F13E5BF41CAE598CB4B204933D7749E480395D7D8FA9DED6CE2C9A73349D79D1D66C9756DCC4F7393055246E60920846485FF18ACBFA69F7991DE8B48E723F4EDCCDB369AADB38965E1F6242326D12CD62199AD715BCFB6FBE63075700DD3876B588DBC92655A24B172DB35EC529492D5FB6E6539D40929D6B16FAEB18FC8CC728DEE5B4B6E26CE210EC10E5188340F46B56B3ED47E1B70700B498B2617D7CB37A27F57111546CDC202D2FB476B857B8BF8FA970767F554ADEE44BFAA0E67924B7167C37E1CF0CEC576F344A451F20E75884488538C904F121DD620D83E0EC98E49D8649D088D7B168E8729702C2CE3EBD6E4D59DED1B24E90FB718FF7F155135AC2CA29A15CB4A59A9AC820856B38A382DDB1153C3D43205ABA2B695865630755C052B1465B160DB78264A32B0883DF78448E7F2C2E5584ADA1ED63826FCD8B7544D81ABBEC6CE748EB38F9E3F9D49FAB3CFC1AA4EF6B000EA151F4AA4E21A722835443C772E944823EA7B05C71298AC6731462216EA19CB629D9359AA7D028B77486595A1554C1552C30C910656165AC3B2834B5882D73AB6C63591ADB78FA29110C9A2ED63D86A976416639FC8229D537E1B6E1FEF9AED1DBD73935BECFD28CF04C4DAA443B64A841D7211866A76E06AC15AF434EFC0E31364174FD6E2DEE13A72317C0D4C8DF00087F183B5D8179709AD733A563BC72186A23AC13119D17694BC89E40CFF4C144B0B512D2E4375880285B21254876DC081C4C489F3C9B2C6DB1BADAD55242195F22AA69357B32A7985406A7924114C1D5011524EEF95B1EAE0325625AE62CA440DCB8B2861F9D262D614D3C8CA022A99C4692DF38EDDC2229A489A497639E95CD3FD49EBBD4A2FB384E67EA6B809F6FCA32FD9C71FDC9949FAA7CF1FB307CF9EB0CB437799E26C2F4BE6D690FF12B86684F9AAEE30C79D447ACD15666395CA224DE359AA39254FF368B28AB16CBD773653D230AC08A293935084D0D02C08DCC1D2EC48D34D28B1929D8CB68EF90E5156D12FE21F92ECA21C73651BD4D901293D71666E9F9C2EC8C6556526AE2BD79353E152C2B55D25DCA0FBC17BFB497ECA9160E58DB0E54148B24C01E512C499C720C13C16E90E6B91E79B830A4905D4E444766F307C7CACA0A9EB7DED7ED5C0A933F68FBAAFFCB76A49359B0B78BB942433D5243965A222DA963335055A897F3EDB689DC61C64B92CB2EA029336F6334F929984BD234C736E82DD1A7EC2F0C9C7ECE9D3A7026690FEF8EE43F6C1D3E7ECC38FBF608F3EFA9C8D3D79CEFAEE3C629D23E3AC6370849DEF7FCC6EF4DC65C7F79F621D172FB18EB6CBECFA8D2BECDAB56BACB7BD97F5770EB3BEF62176EB26A167987577DE62D7AF75B22B576FB06BD73B5807ED4F47FBD58E19B87CE5066B6F1B6037AE0EB2C37B8FFF6EB0AFDBE6DE787FF6C4EDBE7D8FC6C73B3E78F4E0EEC4E8E0F3FB13FD5FDEBF37F0CD89130771E8D061DCEA1DC3E58B3DDF7476757FD9D5DDF3BCA7B7FFEEE0C078C7C4C49D7D0F1E3ECCBEFBE09ECDF32F3FFA7FFA6EF6B29F839EF6416ADBB0D0BEDE8E01D6D739C8067A86587FF720EBE9E863BBEB4FB3ABD74658FBE04376EBEE5381C30F3FFA987DF0C153F6E48307B393FEBFF15F05B0FF1FD35BAC917A7AFC8D0000000049454E44AE426082, 'dad'),
	(3, NULL, 'hola'),
	(4, NULL, 'jajajaj'),
	(5, NULL, ':)');
/*!40000 ALTER TABLE `profile` ENABLE KEYS */;


-- Volcando estructura para tabla udlamsg.record_message
CREATE TABLE IF NOT EXISTS `record_message` (
  `code_user` int(11) NOT NULL,
  `code_chat` int(11) NOT NULL,
  `code_message` int(11) NOT NULL,
  `state_message` tinyint(4) NOT NULL,
  `unread_message` tinyint(4) NOT NULL,
  PRIMARY KEY (`code_user`,`code_chat`,`code_message`),
  KEY `FK__chat` (`code_chat`),
  KEY `FK__message` (`code_message`),
  CONSTRAINT `FK__chat` FOREIGN KEY (`code_chat`) REFERENCES `chat` (`code_chat`),
  CONSTRAINT `FK__message` FOREIGN KEY (`code_message`) REFERENCES `message` (`code_message`),
  CONSTRAINT `FK__user` FOREIGN KEY (`code_user`) REFERENCES `user` (`code_user`)
) ENGINE=InnoDB DEFAULT CHARSET=utf8;

-- Volcando datos para la tabla udlamsg.record_message: ~73 rows (aproximadamente)
/*!40000 ALTER TABLE `record_message` DISABLE KEYS */;
INSERT INTO `record_message` (`code_user`, `code_chat`, `code_message`, `state_message`, `unread_message`) VALUES
	(1, 1, 1, 0, 1),
	(1, 1, 2, 1, 1),
	(1, 1, 3, 1, 1),
	(1, 1, 10, 1, 1),
	(1, 1, 14, 1, 1),
	(1, 1, 15, 1, 1),
	(1, 1, 16, 1, 1),
	(1, 1, 17, 1, 1),
	(1, 1, 18, 1, 1),
	(1, 1, 19, 1, 1),
	(1, 1, 20, 1, 1),
	(1, 1, 21, 1, 1),
	(1, 1, 22, 1, 1),
	(1, 1, 23, 1, 1),
	(1, 1, 24, 1, 1),
	(1, 1, 25, 1, 1),
	(1, 1, 26, 1, 1),
	(1, 1, 27, 1, 1),
	(1, 1, 28, 1, 1),
	(1, 1, 29, 1, 1),
	(1, 1, 30, 1, 1),
	(1, 1, 31, 1, 1),
	(1, 1, 32, 1, 1),
	(1, 1, 33, 1, 1),
	(1, 1, 34, 1, 1),
	(1, 1, 35, 1, 1),
	(1, 1, 36, 1, 1),
	(1, 1, 37, 1, 1),
	(1, 1, 38, 1, 1),
	(1, 1, 39, 1, 1),
	(1, 2, 4, 0, 1),
	(1, 4, 5, 0, 0),
	(1, 4, 6, 0, 0),
	(1, 4, 7, 1, 0),
	(1, 4, 8, 1, 0),
	(1, 4, 9, 1, 0),
	(2, 1, 1, 1, 1),
	(2, 1, 2, 1, 1),
	(2, 1, 3, 1, 1),
	(2, 1, 10, 1, 1),
	(2, 1, 13, 1, 1),
	(2, 1, 14, 1, 1),
	(2, 1, 15, 1, 1),
	(2, 1, 16, 1, 1),
	(2, 1, 17, 1, 1),
	(2, 1, 18, 1, 1),
	(2, 1, 19, 1, 1),
	(2, 1, 20, 1, 1),
	(2, 1, 21, 1, 1),
	(2, 1, 22, 1, 1),
	(2, 1, 23, 1, 1),
	(2, 1, 24, 1, 1),
	(2, 1, 25, 1, 1),
	(2, 1, 26, 1, 1),
	(2, 1, 27, 1, 1),
	(2, 1, 28, 1, 1),
	(2, 1, 29, 1, 1),
	(2, 1, 30, 1, 1),
	(2, 1, 31, 1, 1),
	(2, 1, 32, 1, 1),
	(2, 1, 33, 1, 1),
	(2, 1, 34, 1, 1),
	(2, 1, 35, 1, 1),
	(2, 1, 36, 1, 1),
	(2, 1, 37, 1, 1),
	(2, 1, 38, 1, 1),
	(2, 1, 39, 1, 1),
	(3, 2, 4, 0, 1),
	(5, 4, 5, 1, 1),
	(5, 4, 6, 1, 1),
	(5, 4, 7, 1, 1),
	(5, 4, 8, 1, 1),
	(5, 4, 9, 1, 1);
/*!40000 ALTER TABLE `record_message` ENABLE KEYS */;


-- Volcando estructura para tabla udlamsg.user
CREATE TABLE IF NOT EXISTS `user` (
  `code_user` int(11) NOT NULL,
  `name_user` varchar(50) NOT NULL,
  `password` varbinary(50) DEFAULT NULL,
  PRIMARY KEY (`code_user`)
) ENGINE=InnoDB DEFAULT CHARSET=utf8;

-- Volcando datos para la tabla udlamsg.user: ~7 rows (aproximadamente)
/*!40000 ALTER TABLE `user` DISABLE KEYS */;
INSERT INTO `user` (`code_user`, `name_user`, `password`) VALUES
	(1, 'Duban', _binary 0x0887931780A556B46CE32CC1471ECFC7),
	(2, 'Camila', _binary 0x0887931780A556B46CE32CC1471ECFC7),
	(3, 'John', _binary 0x0887931780A556B46CE32CC1471ECFC7),
	(4, 'yuliana', _binary 0x0887931780A556B46CE32CC1471ECFC7),
	(5, 'Nubia', _binary 0x0887931780A556B46CE32CC1471ECFC7),
	(6, 'Cristian', _binary 0x0887931780A556B46CE32CC1471ECFC7),
	(7, 'Alejandro', _binary 0x0887931780A556B46CE32CC1471ECFC7);
/*!40000 ALTER TABLE `user` ENABLE KEYS */;


-- Volcando estructura para tabla udlamsg.user_chat
CREATE TABLE IF NOT EXISTS `user_chat` (
  `code_user` int(11) NOT NULL,
  `code_chat` int(11) NOT NULL,
  `state_chat` tinyint(4) NOT NULL,
  `unread_chat` tinyint(4) NOT NULL,
  PRIMARY KEY (`code_user`,`code_chat`),
  KEY `FK_user_chat_chat` (`code_chat`),
  CONSTRAINT `FK_user_chat_chat` FOREIGN KEY (`code_chat`) REFERENCES `chat` (`code_chat`),
  CONSTRAINT `FK_user_chat_user` FOREIGN KEY (`code_user`) REFERENCES `user` (`code_user`)
) ENGINE=InnoDB DEFAULT CHARSET=utf8;

-- Volcando datos para la tabla udlamsg.user_chat: ~5 rows (aproximadamente)
/*!40000 ALTER TABLE `user_chat` DISABLE KEYS */;
INSERT INTO `user_chat` (`code_user`, `code_chat`, `state_chat`, `unread_chat`) VALUES
	(1, 1, 1, 1),
	(1, 2, 1, 1),
	(1, 4, 1, 0),
	(2, 1, 1, 0),
	(5, 4, 1, 0);
/*!40000 ALTER TABLE `user_chat` ENABLE KEYS */;


-- Volcando estructura para disparador udlamsg.tr_detail_message
SET @OLDTMP_SQL_MODE=@@SQL_MODE, SQL_MODE='ONLY_FULL_GROUP_BY,STRICT_TRANS_TABLES,NO_ZERO_IN_DATE,NO_ZERO_DATE,ERROR_FOR_DIVISION_BY_ZERO,NO_AUTO_CREATE_USER,NO_ENGINE_SUBSTITUTION';
DELIMITER //
CREATE TRIGGER `tr_detail_message` AFTER INSERT ON `message` FOR EACH ROW BEGIN
insert into record_message values(new.user_sends,new.code_chat,new.code_message,1,1);
insert into record_message values((select u.code_user from user_chat natural join user as u where u.code_user!=new.user_sends and user_chat.code_chat=new.code_chat),new.code_chat,new.code_message,1,1);
END//
DELIMITER ;
SET SQL_MODE=@OLDTMP_SQL_MODE;
/*!40101 SET SQL_MODE=IFNULL(@OLD_SQL_MODE, '') */;
/*!40014 SET FOREIGN_KEY_CHECKS=IF(@OLD_FOREIGN_KEY_CHECKS IS NULL, 1, @OLD_FOREIGN_KEY_CHECKS) */;
/*!40101 SET CHARACTER_SET_CLIENT=@OLD_CHARACTER_SET_CLIENT */;
